SEQ_NM,WEEKS,DAYS,FMLE_CURNT_CNT,SPAWN_RT,AVRG_SPAWN_WT,CNT_PER_FEED_QY,AVRG_WGH,CNT_PER_BEV_QY,BEV_FODR_RATE,TOP_TP,LWET_TP,TOP_HMDT,LWET_HMDT
477,10,6,102091,0,0,82.2,0,103,1.26,20,24,0,0
478,10,7,102084,0,0,73.8,0,79,1.08,22.5,27.1,0,0
479,11,1,102081,0,0,57.6,0,98,1.71,22,26,0,92
480,11,2,102077,0,0,60.6,0,121,2.12,22,26,62,94
481,11,3,102069,0,0,60,0,93,1.56,22.8,25.3,66,91
482,11,4,102054,0,0,62.8,0,99,1.59,22,25,78,94
483,11,5,102049,0,0,65.6,0,100,1.53,21,26,48,99
484,11,6,102042,0,0,66,0,100,1.53,21,26,48,99
485,11,7,102037,0,0,64.7,0,100,1.56,20,24,43,77
486,12,1,102029,0,0,64.2,0,91,1.42,21,25,40,77
487,12,2,102024,0,0,63.7,965,119,1.88,21,26,51,70
488,12,3,102024,0,0,63.5,0,111,1.76,20.9,26.2,45,72
489,12,4,102019,0,0,70.3,0,125,1.79,21,25.4,57,64
490,12,5,102017,0,0,69.7,0,104,1.5,21,27,44,75
491,12,6,102014,0,0,68.7,0,101,1.48,21,25,44,81
492,12,7,102010,0,0,74.1,0,102,1.38,20,24,68,73
493,13,1,102008,0,0,75.2,0,104,1.39,20,24,51,76
494,13,2,102005,0,0,73.4,1151,129,1.77,21,25,46,77
495,13,3,102004,0,0,76.3,0,102,1.34,20,27,49,76
496,13,4,101999,0,0,71.3,0,99,1.39,22,24,61,82
497,13,5,101991,0,0,72.3,0,99,1.37,22,25,65,85
498,13,6,101990,0,0,77.9,0,106,1.37,21,24,50,85
499,13,7,101987,0,0,79,0,108,1.37,20.2,24.5,39,71
500,14,1,101984,0,0,78.6,0,145,1.85,20,24,49,72
501,14,2,101983,0,0,78.2,1266,105,1.35,21,23,49,72
502,14,3,101979,0,0,78.8,0,110,1.41,19,22,45,69
503,14,4,101976,0,0,80.6,0,106,1.33,19,23,36,63
504,14,5,101970,0,0,78,0,110,1.42,19.9,23.6,29,68
505,14,6,101962,0,0,75.1,0,107,1.43,19,23,49,69
506,14,7,101961,0,0,80.5,1341,109,1.36,20,25,59,74
507,15,1,101957,0,0,79.3,0,103,1.3,20,24,50,75
508,15,2,101956,0,0,75.5,0,110,1.46,20,23,39,67
509,15,3,101955,0,0,78.7,0,117,1.49,19,25,55,68
510,15,4,101945,0,0,74.6,0,99,1.33,20,23,43,69
511,15,5,101944,0,0,61.3,0,96,1.58,19,26,41,70
512,15,6,101943,0,0,68.3,0,117,1.72,20,24,44,64
513,15,7,101942,0,0,72.3,1397,100,1.4,20,24,45,67
514,16,1,101942,0,0,75.7,0,96,1.28,20,24,55,69
515,16,2,101937,0,0,78.3,0,94,1.2,20,25,50,67
516,16,3,101935,0,0,77.5,0,93,1.2,19,24,36,68
517,16,4,101934,0,0,77.3,0,92,1.19,20,23,58,73
518,16,5,101932,0,0,77.6,0,97,1.25,19,24,46,60
519,16,6,101929,0,0,76.2,0,94,1.24,20,23,55,72
520,16,7,101928,0,0,77.1,1481,90,1.18,20,23,53,69
521,17,1,101926,0,0,76.3,0,91,1.2,20,23,43,66
522,17,2,101919,0,0,75.2,0,93,1.25,21,23,43,58
523,17,3,101917,0,0,76.2,0,96,1.26,21.3,23,45,64
524,17,4,101917,0,0,90.1,0,91,1.01,21,26,35,65
525,17,5,101914,0,0,53.8,0,87,1.62,21,24,49,65
526,17,6,101912,0,0,70.4,0,89,1.28,21,23,50,66
527,17,7,101910,0,0,74.7,1550,87,1.18,20,23,58,70
528,18,1,101907,0,0,73.1,0,88,1.21,20,23,57,77
529,18,2,101901,0,0,83.1,0,90,1.09,20,23,62,73
530,18,3,101895,0,0,78.8,0,91,1.16,20,22,70,83
531,18,4,101891,0,0,75.3,0,95,1.27,20,23,53,76
532,18,5,101890,0,0,78.5,0,94,1.2,20,22,58,69
533,18,6,101887,0,0,74.4,0,95,1.28,20,21,59,75
534,18,7,101885,0,0,74.7,1591,96,1.3,20,21,53,67
535,19,1,101883,0,0,71.9,0,97,1.36,20,23,42,75
536,19,2,101878,0,0,73.9,0,95,1.29,20,22,56,68
537,19,3,101872,0,0,81,0,160,1.98,19,21,51,71
538,19,4,101871,0,0,81.5,0,109,1.34,20,22,57,75
539,19,5,101860,0,0,88.9,0,90,1.02,20,21,54,74
540,19,6,101852,0,0,71.4,0,114,1.61,17,21,59,75
541,19,7,101846,0,0,75.9,1659,114,1.51,20,21,60,77
542,20,1,101838,0,0,81.2,0,120,1.49,20,23,39,66
543,20,2,101833,2.86,0,84.4,0,120,1.43,20,21,49,76
544,20,3,101820,4.06,48.6,86.3,0,125,1.45,20,22,56,77
545,20,4,101807,5.86,0,101.7,0,124,1.22,19,22,37,76
546,20,5,101797,8.12,0,84.6,0,125,1.49,21,22,44,75
547,20,6,101785,11.8,0,86.5,0,134,1.55,21,22,61,78
548,20,7,101764,16.05,49.2,88.5,1756,138,1.57,20,21,63,69
549,21,1,101746,20.86,0,87.8,0,142,1.62,20,24,50,81
550,21,2,101728,25.63,48.7,91.2,0,143,1.58,18,21,48,70
551,21,3,101695,30.76,49.1,88.7,0,149,1.68,19.6,21.3,54,75
552,21,4,101665,36.79,49,89,0,146,1.64,20,22,54,75
553,21,5,101637,41.79,49.8,89.7,0,153,1.71,20,21,52,72
554,21,6,101609,48.69,50.1,89.3,0,160,1.79,20,22,56,74
555,21,7,101582,54.7,50.4,99.7,1811,159,1.6,20,22,59,82
556,22,1,101549,60.88,51,96,0,162,1.69,20,23,48,84
557,22,2,101525,65.31,51.1,98.1,0,160,1.64,19,21,46,73
558,22,3,101499,71.5,51.3,99.6,0,166,1.67,16,21,51,79
559,22,4,101471,75.34,51.5,117.6,0,168,1.43,14,21,37,80
560,22,5,101442,78.81,51.8,105.2,0,169,1.61,18,21,49,80
561,22,6,101413,81.57,52.2,95.1,0,171,1.8,18,20,56,79
562,22,7,101389,84.71,52.3,101.4,1851,170,1.68,17,20,57,79
563,23,1,101362,86.16,52.3,107.2,0,181,1.69,19,22,38,77
564,23,2,101335,87.62,52.9,109.4,0,179,1.64,19,20,50,79
565,23,3,101311,89.45,53.3,107,0,184,1.72,18,20,56,81
566,23,4,101290,90.31,53.6,105.9,0,183,1.73,18.7,20.6,45,80
567,23,5,101265,91.36,53.7,112.3,0,187,1.67,18,20,55,79
568,23,6,101239,91.45,54.1,109.6,0,186,1.7,19,20,57,79
569,23,7,101222,92.63,54,111.5,1899,188,1.69,19,20,55,80
570,24,1,101196,92.75,54.2,113.5,0,191,1.68,19,21,43,80
571,24,2,101177,93.18,54.6,110.4,0,200,1.82,19,21,55,77
572,24,3,101155,93.39,55,113.5,0,192,1.7,19,21,55,77
573,24,4,101144,92.64,55.3,114.9,0,195,1.7,19,21,45,78
574,24,5,101115,93.85,55.4,118,0,195,1.66,19,21,52,76
575,24,6,101084,94.12,55.4,115.9,0,194,1.67,19,20,54,76
576,24,7,101069,93.83,55.8,115,1923,193,1.68,19,20,57,76
577,25,1,101050,93.05,55.6,116.2,0,195,1.69,17,20,48,81
578,25,2,101033,93.75,56.1,117.6,0,197,1.68,17,20,53,74
579,25,3,101023,93.39,56,119.1,0,196,1.65,16,21,53,75
580,25,4,101012,93.93,56.2,118.7,0,196,1.66,16,20,48,78
581,25,5,101002,93.89,56.5,120.1,0,195,1.63,18,21,51,73
582,25,6,100988,94.15,56.6,120.6,0,194,1.61,18,20,61,76
583,25,7,100977,94,56.7,122.5,1947,192,1.57,19,20,61,80
584,26,1,100964,94.56,56.9,117.6,0,200,1.71,19,20,47,82
585,26,2,100955,94.25,57,121.7,0,200,1.64,19,20,57,75
586,26,3,100942,94.82,57.1,122.1,0,195,1.6,18,20,56,72
587,26,4,100934,95,57.1,122.2,0,193,1.58,19,20,48,81
588,26,5,100931,95,57.2,120.3,0,195,1.62,19,20,55,77
589,26,6,100921,95.33,57.6,120.2,0,192,1.6,19,20,58,80
590,26,7,100913,95.14,57.6,119.8,1982,194,1.62,19,20,61,80
591,27,1,100908,95.21,57.8,120.8,0,194,1.61,19,21,39,81
592,27,2,100902,95.27,58,119.8,0,192,1.61,19,20,50,75
593,27,3,100894,95.27,58.2,119.1,0,189,1.59,19,20,56,78
594,27,4,100889,95.27,58.2,120.3,0,194,1.62,19.4,21.1,48,78
595,27,5,100886,95.35,58.3,119.5,0,193,1.62,19,20,54,75
596,27,6,100881,95.14,58.4,119.7,0,193,1.62,19,20,56,80
597,27,7,100877,95.34,58.5,119.4,2020,192,1.61,19,20,62,80
598,28,1,100871,95.09,58.5,116.2,0,190,1.64,18,20,48,74
599,28,2,100862,95.05,58.6,115.2,0,187,1.63,19,20,52,74
600,28,3,100859,95.12,58.6,117.2,0,188,1.61,19,20,51,75
601,28,4,100855,95.16,58.6,117.1,0,189,1.62,19,20,44,75
602,28,5,100847,95.34,58.7,113.9,0,188,1.65,19,20,53,72
603,28,6,100840,95.24,58.8,115.6,0,187,1.62,19,22,51,73
604,28,7,100837,95.08,58.8,117.2,2023,187,1.6,19,20,58,75
605,29,1,100829,95.29,58.8,117.6,0,194,1.65,19,21,42,77
606,29,2,100824,95.05,58.9,116.6,0,185,1.59,19,20,47,71
607,29,3,100819,95.2,58.9,118.9,0,186,1.57,19,20,49,75
608,29,4,100813,95.31,59.1,120.5,0,188,1.57,19,20,38,76
609,29,5,100809,95.32,59,121.9,0,187,1.54,19,20,43,74
610,29,6,100798,95.31,59.1,119.2,0,186,1.56,19,20,58,74
611,29,7,100796,95.21,59.2,121.8,2055,184,1.52,19,20,50,73
612,30,1,100796,95.26,59.4,120.9,0,185,1.53,19,20,40,73
613,30,2,100792,95.21,59.5,121.3,0,185,1.53,20,21,52,73
614,30,3,100787,95.29,59.5,120.8,0,185,1.54,19,21,50,73
615,30,4,100779,95.15,59.4,120.9,0,185,1.54,19,20,44,73
616,30,5,100774,95.29,59.7,121.8,0,186,1.53,20,21,55,70
617,30,6,100772,95.23,59.7,121.4,0,188,1.55,20,21,60,78
618,30,7,100770,95.11,59.7,121.1,2057,188,1.55,19,21,39,77
619,31,1,100769,95.36,59.8,119.9,0,185,1.55,19,21,46,71
620,31,2,100768,95.34,59.8,122,0,188,1.54,19,21,55,72
621,31,3,100766,95.1,59.8,121.4,0,188,1.56,19,20,53,74
622,31,4,100759,95.09,60,120.7,0,187,1.56,18,20,41,74
623,31,5,100756,95.21,60,122.1,0,185,1.52,19,21,48,72
624,31,6,100751,95.21,60,120.4,0,185,1.54,19,20,54,73
625,31,7,100749,95.13,60,122.7,2034,184,1.5,20,20,54,73
626,32,1,100743,95.12,60,123.2,0,184,1.5,19,20,43,76
627,32,2,100736,95.37,60,123.7,0,186,1.51,19,20,48,70
628,32,3,100728,95.16,60,124.1,0,187,1.51,19,20,51,72
629,32,4,100726,95.33,60.1,123.6,0,188,1.52,19,21,49,71
630,32,5,100724,95.1,60.1,124.3,0,188,1.52,19,21,51,73
631,32,6,100719,95.17,60.2,123.3,0,187,1.52,20,21,55,75
632,32,7,100713,95.27,60.3,121.2,2068,185,1.53,20,21,55,75
633,33,1,100711,95.22,60.3,123.6,0,186,1.51,20,21,54,74
634,33,2,100707,95.28,60.3,121.5,0,188,1.55,20,21,54,74
635,33,3,100701,95.35,60.4,121.4,0,196,1.62,20,21,58,75
636,33,4,100698,95.21,60.4,121.6,0,189,1.56,20,21,49,76
637,33,5,100692,95.23,60.5,122.7,0,193,1.57,20,22,42,76
638,33,6,100690,94.9,60.4,121.3,0,192,1.59,20,21,49,76
639,33,7,100685,95.48,60.4,122.2,2114,191,1.57,20,21,58,76
640,34,1,100680,95.01,60.5,121.9,0,190,1.56,20,22,41,76
641,34,2,100676,95.25,60.6,122.5,0,193,1.58,20,21,47,70
642,34,3,100670,95.26,60.6,120.6,0,190,1.58,20,21,50,74
643,34,4,100664,95.07,60.6,121,0,192,1.59,20,22,42,74
644,34,5,100660,95.06,60.6,118.5,0,190,1.61,20,22,44,71
645,34,6,100655,94.76,60.6,120.2,0,191,1.59,20,22,42,71
646,34,7,100652,95.06,60.6,123.1,2118,190,1.55,20,21,50,75
647,35,1,100646,94.92,60.6,121.2,0,193,1.6,20,22,47,76
648,35,2,100642,94.87,60.6,121,0,193,1.6,20,22,55,76
649,35,3,100628,95.12,60.6,123.4,0,190,1.54,20,21,53,76
650,35,4,100623,94.56,60.6,121.8,0,193,1.59,20,22,37,74
651,35,5,100618,94.72,60.6,120.4,0,192,1.6,20,22,37,68
652,35,6,100615,94.78,60.7,121.4,0,197,1.62,20,22,37,69
653,35,7,100610,94.74,60.6,117.3,2126,192,1.64,20,21,56,76
654,36,1,100607,94.57,60.6,119.5,0,191,1.6,20,22,44,76
655,36,2,100572,94.23,60.5,119.2,0,198,1.66,20,21,44,68
656,36,3,100567,94.23,60.5,119.6,0,198,1.66,20,21,48,71
657,36,4,100562,94.4,60.5,120,0,202,1.68,20,22,38,73
658,36,5,100559,94.26,60.5,122.1,0,197,1.61,20,21,53,72
659,36,6,100549,94,60.5,123.5,0,194,1.57,20,21,49,73
660,36,7,100541,94.13,60.4,121.7,2140,192,1.58,20,22,43,73
661,37,1,100533,94.06,60.6,122.2,0,195,1.6,20,23,31,71
662,37,2,100526,93.84,60.5,123,0,189,1.54,20,23,51,76
663,37,3,100521,94.06,60.6,126,0,188,1.5,19,22,62,78
664,37,4,100517,93.66,60.6,123.1,0,191,1.56,19,21,40,73
665,37,5,100514,93.68,60.6,121,0,190,1.57,19,21,48,66
666,37,6,100512,93.71,60.6,123.1,0,191,1.55,19,21,50,71
667,37,7,100507,93.6,60.7,123.6,2109,197,1.59,20,22,53,72
668,38,1,100501,93.51,60.7,121.8,0,195,1.6,20,23,41,71
669,38,2,100495,93.56,60.8,125,0,201,1.62,20,23,49,73
670,38,3,100490,93.81,60.6,123.2,0,193,1.57,20,22,46,74
671,38,4,100484,93.29,60.7,124.2,0,199,1.6,20,23,34,69
672,38,5,100475,94.06,60.7,122,0,197,1.62,20,21,53,73
673,38,6,100473,93.49,60.7,121.9,0,196,1.61,20,21,49,68
674,38,7,100469,93.42,60.8,118.4,2157,191,1.57,21,22,44,69
675,39,1,100465,93.47,60.8,117.3,0,191,1.55,20,22,39,70
676,39,2,100453,93.37,60.8,114,0,193,1.6,20,22,41,69
677,39,3,100449,93.34,60.9,117.9,0,198,1.62,20,23,42,70
678,39,4,100447,93.42,61,114.1,0,193,1.6,21,23,39,68
679,39,5,100444,93.36,60.9,118.6,0,205,1.65,20,23,40,67
680,39,6,100434,93.46,60.9,117.5,0,192,1.58,21,24,40,61
681,39,7,100427,93.44,60.8,120.4,2146,193,1.61,21,23,41,66
682,40,1,100424,93.42,60.8,120.1,0,194,1.6,21,24,33,69
683,40,2,100419,93.26,60.9,120.2,0,190,1.57,21,22,56,73
684,40,3,100416,93,61,121,0,189,1.57,20,23,56,73
685,40,4,100413,92.7,60.9,120,0,195,1.58,20,24,40,74
686,40,5,100410,93.02,61,120.3,0,196,1.6,21,24,38,68
687,40,6,100407,93.18,61.1,119.1,0,189,1.59,21,22,51,68
688,40,7,100402,92.89,61.1,121.8,2130,215,1.77,21,26,40,69
689,41,1,100396,92.89,61,122,0,217,1.78,21,27,31,69
690,41,2,100389,93.16,61.1,115.2,0,210,1.82,22,26,37,70
691,41,3,100373,93.24,61.2,116.7,0,219,1.89,22,24,58,77
692,41,4,100370,92.66,61.1,116.9,0,199,1.7,22,26,47,76
693,41,5,100370,92.86,61.1,115.7,0,196,1.7,22,25,54,74
694,41,6,100367,93.07,61.1,115.5,0,196,1.7,22,25,56,75
695,41,7,100358,92.46,61.2,119.8,2106,228,1.91,22,28,37,76
696,42,1,100351,92.67,61,120.4,0,207,1.72,22,27,45,75
697,42,2,100345,93.08,61.1,116.8,0,197,1.69,22,26,63,79
698,42,3,100339,92.76,61.1,117.3,0,190,1.62,22,24,62,82
699,42,4,100333,92.3,61,117.4,0,190,1.62,21,23,52,74
700,42,5,100326,92.33,61,118.5,0,193,1.63,20,24,51,68
701,42,6,100322,92.34,61.1,118.8,0,191,1.62,21,24,49,70
702,42,7,100316,92.22,61.1,117.5,2139,196,1.63,21,24,53,71
703,43,1,100303,91.89,61.3,119.3,0,204,1.72,22,26,49,72
704,43,2,100297,92.08,61.2,118.7,0,212,1.79,22,25,57,68
705,43,3,100290,91.88,61.2,116.7,0,198,1.7,22,26,40,68
706,43,4,100278,91.85,61.1,115.7,0,202,1.75,21,28,34,67
707,43,5,100269,92.23,60.9,114,0,200,1.76,22,27,43,70
708,43,6,100264,91.83,61,115.7,0,207,1.79,22,27,35,72
709,43,7,100260,92.52,61,114.7,2143,201,1.75,22,24,32,66
710,44,1,100258,91.53,61.1,114.7,0,219,1.86,20,25,30,68
711,44,2,100254,91.58,61,116.3,0,206,1.78,21,26,48,71
712,44,3,100248,91.39,61,115.9,0,203,1.76,22,25,36,71
713,44,4,100245,90.95,61.1,115.5,0,208,1.8,21,27,43,72
714,44,5,100239,91.08,61.1,114.9,0,234,1.99,22,26,43,71
715,44,6,100233,90.49,61.4,108.5,0,331,3.06,22,28,36,77
716,44,7,100206,86.93,61.1,93.9,2220,344,3.67,21,26,48,87
717,45,1,100193,87.35,60.3,100.7,0,302,3,21,26,51,91
718,45,2,100184,88.78,59.7,112.2,0,227,2.03,21,27,55,88
719,45,3,100170,88.05,59.9,116.6,0,219,1.88,22,29,45,83
720,45,4,100164,89.16,60.3,114.9,0,229,2,23,29,48,79
721,45,5,100160,90.28,60.6,113.5,0,205,1.81,23,26,55,72
722,45,6,100154,91.08,60.6,112.9,0,227,2.02,23,26,71,96
723,45,7,100149,91.25,60.8,113.7,2145,193,1.7,21,24,52,97
724,46,1,100142,91.49,61.2,116.6,0,204,1.75,21,26,42,78
725,46,2,100135,91.39,61.3,115.3,0,204,1.77,21,28,37,75
726,46,3,100126,91.36,61.6,117.3,0,216,1.84,21,29,37,77
727,46,4,100121,90.68,61.5,117.6,0,224,1.91,22,32,46,82
728,46,5,100091,90.59,61.2,112.6,0,207,1.84,23,29,39,79
729,46,6,100081,89.15,61.1,116,0,214,1.85,23,30,38,78
730,46,7,100066,90.12,60.9,109.2,2157,190,1.75,22,25,60,86
731,47,1,100048,88.37,60.8,113.3,0,196,1.74,22,25,35,72
732,47,2,100036,89.73,60.7,115.9,0,202,1.75,22,27,38,71
733,47,3,100027,89.24,60.8,118.5,0,198,1.68,22,27,49,73
734,47,4,100020,90.03,60.9,117,0,197,1.69,22,25,44,73
735,47,5,100012,89.51,61.1,115.3,0,196,1.7,22,25,57,76
736,47,6,100003,89.32,60.9,114.1,0,201,1.76,22,27,33,75
737,47,7,100000,89.61,60.9,118.3,2165,216,1.83,22,29,42,76
738,48,1,99995,89.89,60.8,103.7,0,205,1.98,23,29,40,84
739,48,2,99993,89.13,61,122.1,0,196,1.61,23,26,68,88
740,48,3,99988,89.92,61,115,0,204,1.78,23,27,66,93
741,48,4,99986,88.6,61.1,116.6,0,194,1.67,23,26,62,92
742,48,5,99977,88.99,61.2,117.1,0,198,1.69,23,28,54,84
743,48,6,99975,89.07,61.3,114.1,0,195,1.71,23,27,67,85
744,48,7,99973,89.65,61.2,115.8,2170,191,1.66,23,25,62,87
745,49,1,99968,87.72,61.3,115.5,0,216,1.85,23,26,50,78
746,49,2,99955,89.18,61.2,111.4,0,198,1.78,23,26,60,83
747,49,3,99953,88.55,61.3,114.4,0,207,1.81,23,28,53,83
748,49,4,99950,89.01,61.3,116.6,0,215,1.85,23,28,55,83
749,49,5,99945,88.98,61.3,114.1,0,196,1.72,23,26,70,84
750,49,6,99926,88.56,61.1,115.5,0,197,1.71,23,28,56,84
751,49,7,99919,88.38,61,116.7,2171,212,1.82,23,27,62,87
752,50,1,99915,87.88,61.1,115.2,0,197,1.72,23,27,65,90
753,50,2,99911,88.18,61,116.7,0,193,1.66,23,27,66,88
754,50,3,99906,87.94,61.1,116.4,0,194,1.67,23,28,65,99
755,50,4,99898,87.86,61.1,115.2,0,198,1.72,23,27,69,99
756,50,5,99890,87.54,61.1,115.1,0,207,1.8,23,30,49,95
757,50,6,99887,87.44,60.9,115.1,0,224,1.95,23,30,47,87
758,50,7,99881,87.98,61,113.5,2205,202,1.78,23,29,53,85
759,51,1,99872,87.12,60.9,114.5,0,209,1.83,23,30,52,94
760,51,2,99866,88.14,60.9,113.1,0,198,1.75,22,28,60,99
761,51,3,99859,87.36,61.1,115.5,0,199,1.72,23,29,78,99
762,51,4,99855,86.91,61.1,113.1,0,195,1.73,24,29,76,99
763,51,5,99852,87.46,61,112.5,0,192,1.72,23,27,86,99
764,51,6,99845,86.95,61.1,116,0,211,1.82,22,28,87,99
765,51,7,99839,87.07,61.1,114.4,2230,203,1.78,22,28,87,99
766,52,1,99828,86.04,61.3,117.5,0,199,1.7,22,29,87,99
767,52,2,99815,87.41,61.1,118.9,0,196,1.65,22,28,57,77
768,52,3,99808,87.34,61.2,115.9,0,190,1.64,22,28,49,77
769,52,4,99806,89.58,61.2,113.9,0,204,1.8,22,30,42,77
770,52,5,99795,86.3,60.8,114.2,0,211,1.85,22,32,40,71
771,52,6,99780,87.4,60.8,110.8,0,214,1.94,23,30,42,56
772,52,7,99763,86.57,60.9,108.7,2211,206,1.9,23,30,42,56
773,53,1,99757,86.73,60.6,114.4,0,205,1.79,21,31,38,62
774,53,2,99731,87.26,60.6,110.9,0,184,1.66,21,28,49,77
775,53,3,99720,87.64,60.9,103.2,0,180,1.75,21,26,66,79
776,53,4,99713,86.27,60.9,114,0,193,1.7,22,28,56,74
777,53,5,99701,87.28,60.9,112.8,0,186,1.66,23,28,59,79
778,53,6,99697,67.61,61.4,115.8,0,216,1.87,22,30,51,80
779,53,7,99694,89.87,61,112.4,2213,184,1.64,24,28,64,81
780,54,1,99689,85.75,61,111.4,0,195,1.88,23,30,56,79
781,54,2,99674,84.82,60.8,111.5,0,223,2,23,30,59,80
782,54,3,99670,88.38,60.6,111.4,0,212,1.91,24,30,59,77
783,54,4,99662,86.24,60.5,112.7,0,222,1.98,24,32,60,77
784,54,5,99588,84.29,60.6,104.2,0,216,2.08,27,31,62,77
785,54,6,99564,85.78,60.7,104.4,0,198,1.9,25,29,69,84
786,54,7,99541,86.42,60.7,110.9,2216,233,2.1,25,31,66,83
787,55,1,99534,85.37,60.7,108,0,222,2.06,25,31,69,83
788,55,2,99518,84.09,60.6,108.4,0,206,1.9,26,29,72,83
789,55,3,99500,86.42,60.6,104.7,0,198,1.89,27,28,80,84
790,55,4,99496,82.94,60.7,107.4,0,195,1.82,27,28,76,84
791,55,5,99486,84.8,60.6,111.9,0,205,1.84,26,32,71,84
792,55,6,99461,85.2,60.5,104.2,0,197,1.9,27,29,70,83
793,55,7,99451,86.32,60.5,110,2216,208,1.89,26,31,67,81
794,56,1,99447,82.84,60.4,103,0,212,2.07,27,32,69,78
795,56,2,99366,89.99,60.2,100.4,0,203,2.03,27,31,73,81
796,56,3,99316,81.68,60.3,104.2,0,209,2.01,26,32,68,83
797,56,4,99295,83.38,60.4,104.5,0,207,1.99,25,32,67,84
798,56,5,99270,85.53,60.2,100.6,0,206,2.05,25,34,62,84
799,56,6,98995,85.72,60,103.2,0,237,2.3,25,32,64,82
800,56,7,98915,82.94,59.9,96.8,2205,229,2.37,26,34.4,65,84
801,57,1,97804,77.53,59.7,93.1,0,224,2.41,27,31,62,82
802,57,2,97644,84.81,59.7,98.2,0,218,2.22,27.2,31.1,64,81
803,57,3,97584,79.35,59.8,102.1,0,205,2.01,26,30,72,82
804,57,4,97544,81.94,59.7,104.9,0,217,2.07,26,31,72,81
805,57,5,97513,82.89,59.7,102.4,0,226,2.21,26.7,31.9,64,81
806,57,6,97484,84.53,59.7,101.1,0,218,2.17,27,30,64,76
807,57,7,97468,76.91,60,98.4,2206,204,2.08,27,31,73,81
808,58,1,97445,80.34,60,98.8,0,210,2.13,27,32,71,82
809,58,2,97423,87.15,59.9,98.9,0,210,2.12,27,32,69,83
810,58,3,97404,80.66,59.6,95.4,0,191,2.01,25,29,68,82
811,58,4,97379,82.82,60,104.6,0,203,1.95,25,29,71,82
812,58,5,97367,83.24,60,106.5,0,205,1.93,23,29,71,80
813,58,6,97350,83.67,60.2,108.1,0,190,1.77,22,27,60,81
814,58,7,97340,85.08,60.4,110.7,2201,219,1.98,22,28,69,80
815,59,1,97332,82.43,60.5,112.2,0,206,1.84,23,29,68,81
816,59,2,97325,85.26,60.5,109,0,198,1.82,24,29,64,77
817,59,3,97314,84.73,60.5,107.5,0,190,1.77,25,28,68,79
818,59,4,97305,84.67,60.5,109,0,185,1.7,24,27,59,79
819,59,5,97297,81.87,60.5,109.8,0,191,1.74,22,27,63,76
820,59,6,97286,85.24,60.5,109.5,0,194,1.78,22,29,53,77
821,59,7,97277,96.57,60.5,114.3,2215,192,1.68,23,27,67,78
822,60,1,97270,73.45,60.7,109.7,0,195,1.78,24,27,69,70
823,60,2,97259,90.06,60.6,111.9,0,189,1.69,25,27,72,80
824,60,3,97249,77.92,60.6,109.7,0,189,1.73,23,27,62,79
825,60,4,97241,90.41,60.5,114.9,0,190,1.66,22,27,53,76
826,60,5,97228,81.3,60.6,111.9,0,191,1.71,22,27,59,75
827,60,6,97216,83.98,60.6,114.6,0,206,1.8,23,27,57,77
828,60,7,97208,85.46,60.5,124,2215,211,1.7,23,27,57,78
829,61,1,97197,86.32,60.6,128.8,0,189,1.48,23,27,63,75
830,61,2,97184,85.06,60.7,128,0,188,1.47,24,28,69,80
831,61,3,97174,86.54,60.7,113.8,0,185,1.63,24,28,72,81
832,61,4,97169,84.47,60.5,113.5,0,220,1.94,24,30,72,81
833,61,5,97152,84.61,60.5,113.6,0,197,1.74,25,30,62,77
834,61,6,97145,85.45,60.5,122.3,0,202,1.66,25,28,71,79
835,61,7,97139,77.89,60.8,117.8,0,134,1.15,25,28,69,82
836,62,1,97125,112.1,60,129.9,0,46,0.36,25,30,67,81
837,10,5,0,0,0,0,0,0,0,0,0,0,0
838,10,6,0,0,0,0,0,0,0,0,0,0,0
839,10,7,0,0,0,0,0,0,0,0,0,0,0
840,11,1,55916,0,0,130.9,0,31,0.24,5,18,50,82
841,11,2,107200,0,0,20.1,0,96,4.8,14,22,52,79
842,11,3,107191,0,0,85,0,117,1.39,19,21,54,75
843,11,4,107179,0,0,69.9,0,117,1.68,20,22,57,75
844,11,5,107167,0,0,63.5,0,98,1.55,20,22,57,73
845,11,6,107156,0,0,70.2,0,110,1.57,20,22,55,71
846,11,7,107140,0,0,76.9,0,110,1.43,21,22,53,69
847,12,1,107122,0,0,73,0,105,1.45,20,23,31,64
848,12,2,107097,0,0,70.6,0,97,1.38,21,23,39,60
849,12,3,107062,0,0,72.1,0,105,1.46,22,23,48,64
850,12,4,107033,0,0,71.7,0,109,1.52,22,23,51,64
851,12,5,107007,0,0,73,0,99,1.36,21,26,33,64
852,12,6,106981,0,0,74.1,0,100,1.36,21,23,46,63
853,12,7,106954,0,0,74.1,1106,102,1.38,22,23,47,61
854,13,1,106922,0,0,74.8,0,101,1.36,22,25,34,63
855,13,2,106895,0,0,76.1,0,104,1.37,22,23,43,58
856,13,3,106877,0,0,75.7,0,134,1.78,22,23,38,57
857,13,4,106857,0,0,76.4,0,103,1.36,22,23,44,60
858,13,5,106796,0,0,71.9,0,97,1.36,23,25,46,65
859,13,6,106789,0,0,72.5,0,108,1.5,23,23,47,58
860,13,7,106785,0,0,75.5,1210,111,1.48,22,23,40,57
861,14,1,106782,0,0,74.7,0,113,1.51,22,25,34,59
862,14,2,106780,0,0,76.4,0,124,1.63,22,23,40,56
863,14,3,106775,0,0,77.9,0,111,1.43,22,23,42,56
864,14,4,106764,0,0,74.6,0,113,1.53,22,23,41,59
865,14,5,106763,0,0,74.3,0,105,1.42,22,24,33,60
866,14,6,106757,0,0,75.3,0,109,1.45,21,23,39,57
867,14,7,106752,0,0,76.3,1294,110,1.45,22,23,38,60
868,15,1,106747,0,0,79.9,0,111,1.39,22,26,32,60
869,15,2,106743,0,0,77.6,0,129,1.67,22,23,36,58
870,15,3,106740,0,0,77.8,0,120,1.55,22,23,45,58
871,15,4,106736,0,0,72.3,0,110,1.53,22,23,39,58
872,15,5,106734,0,0,67.4,0,89,1.33,22,24,30,60
873,15,6,106731,0,0,71.8,0,117,1.63,22,23,41,56
874,15,7,106730,0,0,76.2,1353,122,1.61,22,23,37,57
875,16,1,106728,0,0,75.8,0,111,1.48,22,24,35,59
876,16,2,106726,0,0,76.3,0,112,1.47,22,23,46,59
877,16,3,106723,0,0,76,0,111,1.47,22,24,41,60
878,16,4,106719,0,0,75.9,0,110,1.46,22,23,43,60
879,16,5,106716,0,0,76.2,0,108,1.42,22,25,37,60
880,16,6,106714,0,0,74.7,0,96,1.29,22,24,37,55
881,16,7,106713,0,0,73,1440,91,1.26,22,23,37,57
882,17,1,106712,0,0,74.7,0,104,1.4,22,24,36,57
883,17,2,106709,0,0,75.1,0,114,1.52,22,23,44,58
884,17,3,106708,0,0,80.1,0,101,1.26,22,23,41,58
885,17,4,106706,0,0,80.2,0,100,1.25,22,23,41,60
886,17,5,106704,0,0,77.9,0,98,1.27,22,24,33,60
887,17,6,106703,0,0,74.9,0,105,1.41,22,23,41,59
888,17,7,106699,0,0,74.7,1510,119,1.59,20,23,40,60
889,18,1,106695,0,0,76.6,0,110,1.45,22,24,33,61
890,18,2,106693,0,0,78.8,0,115,1.47,22,23,39,56
891,18,3,106688,0,0,75,0,116,1.56,22,23,40,59
892,18,4,106686,0,0,74.7,0,118,1.59,22,23,37,59
893,18,5,106685,0.01,0,78.3,0,123,1.58,22,23,26,60
894,18,6,106683,0.03,0,81,0,122,1.52,22,22,43,61
895,18,7,106682,0.03,0,81.3,1583,122,1.5,22,22,52,61
896,19,1,106682,0.05,0,83.2,0,122,1.48,21,23,42,60
897,19,2,106681,0.08,0,82.4,0,125,1.52,21,23,42,60
898,19,3,106679,0.11,45.1,93.7,0,124,1.33,21,22,49,59
899,19,4,106678,0.17,46.2,84.8,0,124,1.47,21,22,47,60
900,19,5,106676,0.29,45.9,84.3,0,130,1.55,21,23,32,60
901,19,6,106674,0.42,46.1,85.1,0,139,1.63,21,22,41,58
902,19,7,106673,0.67,46.8,92.4,1683,146,1.58,21,22,42,60
903,20,1,106671,1.11,46.6,91.5,0,148,1.62,21,23,38,61
904,20,2,106670,1.65,46.7,92.4,0,150,1.63,21,22,44,59
905,20,3,106668,2.58,46.7,92.6,0,145,1.57,20,22,51,79
906,20,4,106665,4.02,46.8,95,0,153,1.62,20,21,51,70
907,20,5,106661,5.88,46.7,96.3,0,147,1.53,19,21,52,67
908,20,6,106659,8.67,46.8,93.6,0,150,1.61,19,21,52,67
909,20,7,106656,11.9,47,93.3,1801,152,1.63,19,21,50,69
910,21,1,106651,15.91,47.1,91.4,0,153,1.68,19,21,52,68
911,21,2,106641,20.33,47.3,89.9,0,162,1.81,191,21,54,67
912,21,3,106633,24.94,47.5,92.7,0,177,1.91,19,20,59,68
913,21,4,106625,31.3,47.6,91.1,0,165,1.82,18,20,52,67
914,21,5,106611,37.33,47.9,92.7,0,171,1.85,19,21,43,69
915,21,6,106598,43.61,48.4,95.2,0,169,1.79,18,20,49,64
916,21,7,106594,49.12,48.9,92.6,1888,170,1.84,18,20,47,64
917,22,1,106584,56.09,49.3,99.4,0,181,1.82,18,21,33,67
918,22,2,106576,61.56,49.8,97.3,0,190,1.96,18,20,46,67
919,22,3,106572,67.7,50.2,100.8,0,185,1.84,19,23,34,66
920,22,4,106567,72.7,50.6,103.2,0,180,1.75,19,22,42,66
921,22,5,106559,77.1,51,108.3,0,178,1.65,19,21,52,64
922,22,6,106549,80.43,51.5,110.6,0,179,1.63,19,20,43,64
923,22,7,106538,83.44,51.8,107.6,1927,220,2.05,19,21,38,65
924,23,1,106530,86.08,52.2,111.2,0,189,1.71,19,21,30,64
925,23,2,106525,88.5,52.5,110.8,0,184,1.66,19,21,41,64
926,23,3,106524,89.3,52.9,113.4,0,181,1.6,19,21,40,63
927,23,4,106519,90.99,53.3,113.4,0,187,1.65,19,21,40,64
928,23,5,106514,91.88,53.6,113.5,0,188,1.66,19,22,45,63
929,23,6,106510,92.85,53.8,114.3,0,208,1.82,19,24,33,62
930,23,7,106509,93.62,54.3,114.6,1944,198,1.73,19,23,44,62
931,24,1,106504,93.81,54.3,114.9,0,189,1.65,19,24,28,61
932,24,2,106480,94.27,54.6,116.6,0,191,1.64,19,24,41,64
933,24,3,106476,95.11,54.7,115.5,0,190,1.65,20,24,34,64
934,24,4,106473,95.57,55.1,115.9,0,187,1.62,19,22,39,64
935,24,5,106470,95.45,55.2,117.1,0,207,1.77,19,24,26,63
936,24,6,106468,95.81,55.4,117.8,0,191,1.63,19,24,34,59
937,24,7,106457,95.49,55.8,116.4,0,189,1.63,19,24,42,67
938,25,1,106453,96.28,56,116.7,0,185,1.59,19,22,43,68
939,25,2,106451,96.05,56.2,117.3,1985,185,1.58,19,21,33,56
940,25,3,106450,96.55,56.3,116.9,0,192,1.65,19,22,35,60
941,25,4,106444,96.56,56.5,117.4,0,188,1.6,19,22,34,691
942,25,5,106442,95.79,56.7,116.7,0,207,1.78,19,24,25,60
943,25,6,106440,97.39,56.8,113.4,0,186,1.65,19,23,37,58
944,25,7,106438,96.2,57,104.2,1990,183,1.76,19,22,34,60
945,26,1,106434,96.8,57,119.6,0,187,1.57,19,23,34,61
946,26,2,106424,95.3,57.3,115.1,0,187,1.63,19,21,33,59
947,26,3,106421,95.2,57.1,117.5,0,185,1.58,19,21,36,60
948,26,4,106417,96.5,57.3,118.4,0,187,1.58,19,23,34,61
949,26,5,106415,96.2,57.5,121.1,0,184,1.53,19,24,41,60
950,26,6,106410,95.8,57.6,118,0,180,1.53,19,23,25,61
951,26,7,106406,97,57.8,124.1,2023,186,1.5,19,22,37,60
952,27,1,106405,96.06,57.8,121.5,0,189,1.56,19,24,29,60
953,27,2,106399,97.2,58,119.6,0,185,1.55,19,22,41,61
954,27,3,106397,96.18,58.2,121,0,188,1.56,19,23,38,62
955,27,4,106394,97.2,58.2,122.9,0,190,1.55,19,24,29,59
956,27,5,106393,95.8,58.3,121.2,0,190,1.57,19,24,23,61
957,27,6,106389,97.4,58.6,119.3,0,207,1.74,19,24,29,57
958,27,7,106383,96.4,58.6,117.3,2049,191,1.63,19,25,31,60
959,28,1,106382,97.6,58.7,120.6,0,199,1.66,20,24,42,62
960,28,2,106377,96.8,58.7,119,0,186,1.57,19,24,43,64
961,28,3,106373,96.8,58.8,117.6,0,184,1.57,19,23,46,65
962,28,4,106368,96.7,58.9,122.2,0,182,1.49,19,22,53,62
963,28,5,106367,96.4,58.9,117.5,0,201,1.72,19,22,33,62
964,28,6,106363,97.4,58.9,122.3,0,189,1.55,19,21,37,64
965,28,7,106363,96.4,59.1,115.3,2069,184,1.6,19,21,40,56
966,29,1,106356,96.41,58.9,118.8,0,187,1.58,19,23,29,58
967,29,2,106342,97,59.1,121.4,0,191,1.58,19,24,38,60
968,29,3,106321,97.1,59.3,124.3,0,187,1.51,19,24,30,61
969,29,4,106317,96.7,59.4,118.5,0,191,1.61,19,24,37,60
970,29,5,106315,96.29,59.4,121.1,0,195,1.62,19,24,29,59
971,29,6,106307,97.12,59.5,118.7,0,190,1.6,19,24,33,59
972,29,7,106305,96.7,59.5,120.3,2084,188,1.57,19,26,43,63
973,30,1,106302,96.5,59.6,119.3,0,200,1.68,22,29,50,71
974,30,2,106302,97.2,59.4,119.4,0,193,1.62,22,27,59,71
975,30,3,106292,96.7,59.6,113.8,0,194,1.71,22,27,56,74
976,30,4,106284,94.5,59.6,112.7,0,190,1.69,21,25,48,68
977,30,5,106281,95.4,59.6,112.7,0,189,1.69,21,25,51,66
978,30,6,106276,96.5,59.5,117.8,0,212,1.8,20,26,45,64
979,30,7,106274,96.2,59.6,91.9,2092,199,2.17,22,27,29,59
980,31,1,106271,96.03,59.7,153.3,0,221,1.45,22,26,26,60
981,31,2,106262,97.71,59.8,113.5,0,190,1.68,21,25,56,71
982,31,3,106258,96.35,59.8,115.9,0,190,1.65,21,25,55,66
983,31,4,106255,96.46,59.8,116.8,0,195,1.68,21,25,47,66
984,31,5,106252,96.37,59.9,117.3,0,195,1.67,21,25,46,64
985,31,6,106247,96.7,59.9,118.6,0,202,1.71,21,25,34,60
986,31,7,106243,96.31,60,120,2101,203,1.7,21,27,30,56
987,32,1,106240,96.67,60.1,115.1,0,195,1.7,23,25,44,67
988,32,2,106232,96.08,60.2,115.5,0,188,1.64,21,24,60,71
989,32,3,106223,96.9,60.1,120.2,0,192,1.6,21,27,59,74
990,32,4,106220,95.99,60,116.6,0,193,1.66,21,29,55,74
991,32,5,106218,96.25,60.1,114.9,0,184,1.6,20,24,47,64
992,32,6,106210,96.43,60.1,118.9,0,203,1.71,20,24,42,61
993,32,7,106208,96.05,60,119.3,2094,194,1.63,20,24,44,64
994,33,1,106204,96.43,60.1,120.5,0,195,1.63,21,25,51,66
995,33,2,106198,96.3,60.1,117.1,0,196,1.68,22,27,47,69
996,33,3,106193,96.5,60.2,117.6,0,187,1.6,20,247,59,72
997,33,4,106185,95.96,60.1,117.1,0,185,1.59,20,24,58,68
998,33,5,106179,95.62,60.1,119.5,0,190,1.59,20,26,43,67
999,33,6,106171,95.88,60.1,119.4,0,192,1.61,20,24,51,67
1000,33,7,106165,96.41,60.2,120.8,2097,196,1.63,21,25,42,67
1001,34,1,106161,96.21,60.2,122.7,0,202,1.65,21,28,48,67
1002,34,2,106153,95.76,60.2,120.1,0,210,1.75,22,30,34,69
1003,34,3,106149,96.05,60.2,117.3,0,196,1.67,22,28,48,69
1004,34,4,106133,95.81,60.3,116.9,0,195,1.67,21,25,46,70
1005,34,5,106131,95.3,60.3,111.4,0,190,1.71,21,25,0,0
1006,34,6,106124,95.5,60.4,113.6,0,222,1.96,23.9,29.6,51,71
1007,34,7,106121,95.2,60.2,112.7,2098,196,1.75,23,29,59,75
1008,35,1,106119,94.9,60.4,113.9,0,197,1.74,23,29,46,74
1009,35,2,106107,96,60.4,113.4,0,222,1.96,23,31,52,71
1010,35,3,106099,95.5,60.3,112.6,0,195,1.74,23,29,56,72
1011,35,4,106087,95.2,60.5,111.2,0,208,1.87,23,31,48,72
1012,35,5,106082,95.6,60.2,111.3,0,229,2.07,23,32,42,67
1013,35,6,106071,95.8,60.1,112.1,0,234,2.09,23,32,45,76
1014,35,7,106058,95.94,60.1,108.5,2110,213,1.97,23,31,59,78
1015,36,1,106051,95.05,60.1,109.9,0,198,1.81,23,29,59,75
1016,36,2,106044,95.3,60.3,111.7,0,227,2.04,23,31,53,77
1017,36,3,106029,95.79,60.4,112.5,0,198,1.76,23,28,48,77
1018,36,4,106022,94.96,60.5,116.7,0,199,1.71,23,28,0,0
1019,36,5,106017,94.74,60.4,115.4,0,204,1.77,23,28,54,71
1020,36,6,106012,95.17,60.4,117.3,0,199,1.7,23,28,51,73
1021,36,7,106007,95,60.3,113.9,2107,199,1.75,23,27,56,71
1022,37,1,106005,95.2,60.4,116,0,204,1.77,23,28,52,73
1023,37,2,105998,94.7,60.1,115.1,0,206,1.79,23,28,59,74
1024,37,3,105993,94.49,60.2,116.1,0,222,1.91,23,29,56,75
1025,37,4,105990,95,60.1,114.5,0,208,1.82,23,29,52,73
1026,37,5,105986,94.11,60.1,115.1,0,197,1.72,24,28,54,73
1027,37,6,105971,95.12,60.2,112.3,0,192,1.72,24,28,57,76
1028,37,7,105960,93.4,60.2,112.9,2111,189,1.67,23,26,69,78
1029,38,1,105956,92,60.2,112.9,0,195,1.73,23,28,59,75
1030,38,2,105945,94.03,60,116.5,0,198,1.71,23,28,56,73
1031,38,3,105930,93.54,60.1,116.5,0,206,1.78,23,28,60,75
1032,38,4,105925,92.61,60.2,116.6,0,199,1.71,23,28,63,75
1033,38,5,105922,93.55,60.2,112.7,0,191,1.7,23,25,62,75
1034,38,6,105908,93.69,60.3,117,0,194,1.66,23,25,63,73
1035,38,7,105904,83.7,60.2,120.8,2119,199,1.65,23,28,62,75
1036,39,1,105898,88.2,60.4,108.6,0,200,1.84,23,28,51,74
1037,39,2,105890,96.5,60.4,111.9,0,224,2.01,23,28,52,73
1038,39,3,105881,94.1,60.4,110.2,0,219,2,23,28,58,72
1039,39,4,105880,93.98,60.3,124.7,0,209,1.68,23,28,61,73
1040,39,5,105876,93.7,60.2,127.3,0,206,1.62,24,28,63,75
1041,39,6,105872,93.7,60.4,115.7,0,200,1.73,23,28,63,76
1042,39,7,105862,94.6,60.5,118.8,2143,210,1.77,23,29,62,75
1043,40,1,105855,94.8,60.3,125.7,0,207,1.66,25,28,67,75
1044,40,2,105848,94.5,60.4,116.9,0,204,1.75,24,28,61,74
1045,40,3,105845,93.7,60.3,113.7,0,199,1.75,23,28,62,75
1046,40,4,105839,95,60.4,113.6,0,187,1.65,23,24,69,75
1047,40,5,105835,95.6,60.3,115.4,0,194,1.69,23,26,59,72
1048,40,6,105830,99.3,60.2,117.2,0,204,1.74,23,28,54,73
1049,40,7,105823,88.3,60.6,120.6,0,207,1.72,23,28,59,71
1050,41,1,105818,95.5,60.6,116.7,0,207,1.77,23,28,65,75
1051,41,2,105816,93.52,60.5,117.9,0,205,1.74,23,28,63,75
1052,41,3,105811,95.3,60.5,118,0,226,1.92,25,29,65,75
1053,41,4,105803,93.1,60.5,114.1,0,204,1.79,25,29,70,75
1054,41,5,105798,93.1,60.7,117.9,0,201,1.71,24,28,64,76
1055,41,6,105793,95.9,60.4,117.1,0,199,1.7,24,26,73,77
1056,41,7,105790,93.02,60.4,114.9,2152,183,1.6,23,27,74,78
1057,42,1,105787,96.01,60.5,120.5,0,201,1.68,23,28,61,74
1058,42,2,105782,94.6,60.6,118.6,0,208,1.76,24,28,61,73
1059,42,3,105776,96.1,60.6,118.3,0,201,1.7,24,28,61,75
1060,42,4,105769,90.89,60.5,114.1,0,196,1.72,25,28,71,79
1061,42,5,105762,95,60.5,116.1,0,196,1.69,25,28,69,78
1062,42,6,105756,91.46,60.5,117,0,198,1.7,26,29,72,79
1063,42,7,105753,93.9,60.4,115.3,2161,202,1.76,25,29,72,79
1064,43,1,105752,94.1,60.4,114.6,0,203,1.77,25,30,72,79
1065,43,2,105742,93.78,60.1,108.2,0,201,1.87,26,30,72,79
1066,43,3,105731,94.8,59.9,110.7,0,216,1.96,26,30,73,79
1067,43,4,105721,92.83,60,111.7,0,193,1.73,26,29,75,79
1068,43,5,105718,92.43,60.2,97.4,0,212,2.19,26,32,69,79
1069,43,6,105701,92.89,59.8,113.5,0,209,1.85,28,32,73,78
1070,43,7,105685,93.7,59.6,101,2093,186,1.85,25,28,71,79
1071,44,1,105682,89.5,59.9,110,0,180,1.65,25,27,70,79
1072,44,2,105666,93.2,60,108.9,0,187,1.72,25,28,74,80
1073,44,3,105664,92.5,59.7,106.3,0,193,1.82,26,29,74,80
1074,44,4,105656,93.6,59.6,103,0,198,1.92,27,31,72,80
1075,44,5,105652,87.1,59.6,99.4,0,181,1.83,25,30,69,80
1076,44,6,105645,91.7,59.5,107.5,0,201,1.88,25,32,71,80
1077,44,7,105639,92.8,59.3,98,2133,203,2.08,28,33,69,79
1078,45,1,105627,86.18,59.2,94.6,0,200,2.12,28,32,69,78
1079,45,2,105615,90.8,59,91.8,0,210,2.29,27,31,74,80
1080,45,3,105598,93.3,59,94,0,200,2.13,26,33,67,79
1081,45,4,105587,84.2,59.1,97,0,200,2.06,27,32,71,79
1082,45,5,105583,90.4,59,100.5,0,214,2.14,26,31,72,80
1083,45,6,105577,95.7,59,105.8,0,195,1.85,25,31,71,79
1084,45,7,105569,79.8,59.5,104.5,2081,198,1.9,26,31,70,79
1085,46,1,105560,91.1,59,101.4,0,204,2.02,26,31,72,79
1086,46,2,105558,88.7,59,99.9,0,189,1.89,25,30,67,79
1087,46,3,105551,92.7,59.3,104.3,0,193,1.86,24,28,71,79
1088,46,4,105541,86.8,59.3,113.1,0,213,1.89,25,31,70,79
1089,46,5,105536,90.4,59.2,107.6,0,223,2.08,26,32,68,79
1090,46,6,105528,90,59.4,100.9,0,216,2.15,28,31,67,78
1091,46,7,105514,90.3,59.3,98.5,2109,209,2.13,27,32,70,80
1092,47,1,105513,90.3,59.3,95.4,0,222,2.33,27,33,68,80
1093,47,2,105501,93.8,59,98,0,198,2.02,27,31,73,81
1094,47,3,105484,89.7,59.2,95.4,0,208,2.18,27,32,72,81
1095,47,4,105474,90.88,59.3,105.8,0,204,1.93,26,32,67,78
1096,47,5,105470,89.67,59.3,102.5,0,195,1.91,26,30,65,78
1097,47,6,105463,88.2,59.5,109.8,0,179,1.63,25,28,65,78
1098,47,7,105449,87.54,59.5,101.6,2095,180,1.78,23,28,60,79
1099,48,1,105443,92,59.3,113.1,0,184,1.63,23,28,53,73
1100,48,2,105437,93.38,59.3,114.4,0,183,1.61,23,28,58,72
1101,48,3,105433,93.68,59.4,113.3,0,177,1.56,23,27,63,75
1102,48,4,105427,89.04,59.6,111.6,0,177,1.59,23,25,66,76
1103,48,5,105423,89.4,59.6,105.9,0,186,1.76,24,28,56,75
1104,48,6,105420,91.41,59.5,113,0,173,1.53,23,28,63,77
1105,48,7,105413,92.39,59.6,113.2,0,184,1.63,23,28,59,78
1106,49,1,105407,91.27,59.5,113.3,0,183,1.62,23,28,56,78
1107,49,2,105403,91.5,59.6,109.4,0,176,1.61,23,25,66,75
1108,49,3,105397,90.6,59.5,113.6,0,186,1.64,23,27,52,73
1109,49,4,105394,91.44,59.5,112.1,0,187,1.68,23,27,62,75
1110,49,5,105390,90.6,59.6,106.7,0,182,1.71,23,28,56,75
1111,49,6,105384,92.08,59.7,110.6,0,172,1.56,23,27,65,76
1112,49,7,105382,92.76,59.7,114.1,2131,193,1.69,23,25,56,78
1113,50,1,105373,88.88,59.7,114.4,0,185,1.62,23,28,39,71
1114,50,2,105368,91.42,59.6,111.3,0,178,1.61,23,27,41,71
1115,50,3,105355,92.64,59.6,113.1,0,181,1.61,21,26,42,67
1116,50,4,105349,91.3,59.6,110.6,0,180,1.63,21,26,42,66
1117,50,5,105346,90.93,59.6,113,0,186,1.65,21,27,44,64
1118,50,6,105338,110.47,59.6,105.7,0,182,1.73,23,26,49,57
1119,50,7,105335,93.78,59.7,112.7,2124,191,1.7,23,28,49,57
1120,51,1,105332,88.14,59.8,111.2,0,185,1.67,22,28,48,63
1121,51,2,105329,92.48,59.7,107.6,0,183,1.71,23,27,47,60
1122,51,3,105323,90.47,59.7,109,0,185,1.7,21,27,47,60
1123,51,4,105318,90.85,59.8,109.4,0,184,1.69,21,27,44,69
1124,51,5,105316,90.55,59.9,107.5,0,185,1.72,20,26,48,68
1125,51,6,105302,90.58,59.8,107.6,0,188,1.75,22,27,52,71
1126,51,7,105296,92.46,59.8,109.5,2124,200,1.84,22,26,53,70
1127,52,1,105294,91.02,59.9,108.7,0,202,1.86,21,27,53,72
1128,52,2,105289,88.57,59.9,109.3,0,180,1.66,23,26,54,71
1129,52,3,105277,90.1,59.9,110.6,0,179,1.63,20,25,51,71
1130,52,4,105268,91.56,59.8,106.8,0,178,1.67,19,24,42,60
1131,52,5,105265,90.55,59.6,109.1,0,183,1.68,19,24,38,61
1132,52,6,105259,89.83,59.7,106.5,0,187,1.76,20,25,33,58
1133,52,7,105251,90.72,59.6,111.5,0,188,1.69,20,25,39,60
1134,53,1,105246,90.09,59.6,108.9,0,192,1.76,20,26,41,56
1135,53,2,105242,90.01,59.7,109.9,0,210,1.91,20,25,43,60
1136,53,3,105237,87.4,59.7,110.1,0,188,1.71,21,25,51,64
1137,53,4,105232,90.71,59.6,108.6,0,184,1.7,20,25,50,67
1138,53,5,105224,89.36,59.6,109.2,0,188,1.73,19,24,34,65
1139,53,6,105212,94.1,59,111.1,0,186,1.68,19,24,33,61
1140,53,7,105203,85.04,59.5,108.4,2114,186,1.72,19,24,34,57
1141,54,1,105199,89.72,59.5,108.1,0,188,1.74,19,24,41,69
1142,54,2,105189,87.3,59.7,109.4,0,187,1.71,19,24,36,63
1143,54,3,105182,91.5,59.6,111.1,0,185,1.67,19,24,44,63
1144,54,4,105178,87.93,59.6,109.3,0,186,1.71,19,24,46,64
1145,54,5,105177,87.6,59.7,108.7,0,187,1.73,19,25,37,65
1146,54,6,105172,92.6,59.6,110.2,0,186,1.69,20,24,51,63
1147,54,7,105170,89.03,59.7,109.8,0,183,1.67,20,24,42,65
1148,55,1,105164,89.3,59.7,109,0,180,1.66,19,24,33,56
1149,55,2,105158,90,59.8,108.7,0,187,1.72,19,23,35,56
1150,55,3,105146,89.07,59.7,109.1,0,188,1.72,19,24,40,62
1151,55,4,105141,101.41,59.6,107,0,190,1.78,19,24,44,64
1152,55,5,105131,74.9,60,109.2,0,188,1.73,19,25,43,67
1153,55,6,105120,90.18,59.7,109.2,0,195,1.79,19,24,35,64
1154,55,7,105112,89.54,59.7,108.8,2124,195,1.8,19,24,31,59
1155,56,1,105108,88.03,59.7,111,0,193,1.74,19,24,33,62
1156,56,2,105102,91.07,59.9,110.5,0,213,1.93,19,24,43,60
1157,56,3,105099,96.77,59.8,125.2,0,222,1.78,20,23,52,67
1158,56,4,105099,81.2,60.1,104.2,0,179,1.73,19,23,33,67
1159,56,5,105095,89.53,60.1,113.5,0,189,1.67,19,21,36,62
1160,56,6,105090,91.77,60,113.9,0,194,1.71,19,23,38,59
1161,56,7,105083,91.14,60.1,114.2,2121,193,1.7,19,23,41,61
1162,57,1,105081,91.17,60.3,114,0,196,1.73,20,24,41,60
1163,57,2,105075,90.37,60.1,114.5,0,199,1.74,20,25,41,64
1164,57,3,105064,91,60.2,113.7,0,194,1.71,19,21,37,65
1165,57,4,105057,91.2,60.4,115.8,0,192,1.66,19,21,37,56
1166,57,5,105045,91.6,61.1,112.4,0,195,1.74,19,23,33,60
1167,57,6,105040,89.62,60.1,108.3,0,190,1.76,19,24,39,61
1168,57,7,105029,90.3,60.4,113.8,2145,197,1.74,19,24,36,63
1169,58,1,105024,95.6,60.5,122.4,0,198,1.62,19,24,45,63
1170,58,2,105020,95.6,60.5,114.4,0,193,1.69,19,24,41,66
1171,58,3,105016,78.9,60.8,113.5,0,193,1.7,19,24,50,65
1172,58,4,105013,91.3,60.8,115.2,0,200,1.74,19,25,48,66
1173,58,5,105009,89.2,60.9,118.9,0,210,1.77,20,26,46,64
1174,58,6,105004,91.6,60.5,117.4,0,224,1.91,23,25,60,67
1175,58,7,104999,91.2,60.4,116,2165,211,1.83,20,26,53,71
1176,59,1,104994,93.1,61.1,121.6,0,187,1.54,19,21,45,64
1177,59,2,104988,91.53,60,121.1,0,214,1.77,19,22,45,59
1178,59,3,104983,89.21,61.2,122.1,0,198,1.62,19,21,50,64
1179,59,4,104974,91.26,61,124.3,0,191,1.54,19,20,45,62
1180,59,5,104965,90.4,61,124.1,0,193,1.56,19,21,37,61
1181,59,6,104960,94.15,61,122.3,0,198,1.62,19,21,42,61
1182,59,7,104955,87.07,61,121.3,2167,203,1.68,19,21,42,63
1183,60,1,104952,90.64,61,122.2,0,198,1.63,19,21,48,63
1184,60,2,104950,90.99,61,121.4,0,192,1.59,19,20,37,60
1185,60,3,104948,92.17,60.9,121.3,0,187,1.55,19,20,42,60
1186,60,4,104946,90.28,61,122.8,0,196,1.6,18,20,46,62
1187,60,5,104942,94.41,61.2,120.3,0,198,1.65,18,20,41,63
1188,60,6,104935,60.05,61.8,120.3,0,202,1.68,19,21,32,56
1189,60,7,104928,91.83,61.3,119.2,2182,201,1.69,19,20,42,58
1190,61,1,104923,88.89,61.3,118.1,0,203,1.73,18,20,30,61
1191,61,2,104920,92.34,61.4,117.4,0,202,1.73,17,20,48,60
1192,61,3,104912,92.49,61.5,118.1,0,204,1.73,19,21,48,63
1193,61,4,104905,88.9,61.3,120.4,0,200,1.66,19,20,47,63
1194,61,5,104900,86.64,61.5,116,0,200,1.73,18,20,35,62
1195,61,6,104892,92.54,61.5,121.7,0,218,1.8,18,20,44,59
1196,61,7,104885,93.31,61.4,114.6,2156,199,1.74,19,21,48,61
1197,62,1,104879,87.89,61.4,121.8,0,197,1.62,19,21,42,63
1198,62,2,104875,89.03,61.2,117.6,0,198,1.69,19,20,41,59
1199,62,3,104870,97.63,61.2,116.7,0,197,1.69,18,20,48,62
1200,62,4,104865,82.11,61.3,123.4,0,192,1.56,18,19,47,62
1201,62,5,104862,91.39,61.2,120.7,0,196,1.63,18,20,37,63
1202,62,6,104855,88.45,61.3,117.5,0,195,1.66,18,19,44,60
1203,62,7,104847,97.68,61.2,121.8,2189,192,1.58,18,20,44,62
1204,63,1,104842,83.68,61.4,118.7,0,197,1.66,18,20,40,61
1205,63,2,104824,90.4,61.3,122.8,0,192,1.57,18,19,42,58
1206,63,3,104807,88.11,61.3,118.6,0,204,1.73,18,20,43,61
1207,63,4,104769,88.68,61.1,120.9,0,183,1.51,18,20,46,63
1208,63,5,104724,84.78,61.5,116.7,0,217,1.86,19,21,41,64
1209,63,6,104724,0,0,330.3,0,0,0,0,0,0,0
1210,63,7,104724,0,0,0,0,0,0,0,0,0,0
1211,64,1,0,0,0,0,0,0,0,0,0,0,0
1212,64,2,0,0,0,0,0,0,0,0,0,0,0
1213,11,5,109900,0,0,67.7,0,0,0,0,22.5,0,74
1214,11,6,109883,0,0,90.2,0,87,0.97,21.5,26.6,51,80
1215,11,7,109870,0,0,64.2,0,95,1.48,22,26.1,39,66
1216,12,1,109854,0,0,67.6,0,108,1.61,22,26,53,73
1217,12,2,109841,0,0,76.5,0,112,1.47,22,24,56,87
1218,12,3,109832,0,0,77.3,0,112,1.45,22,26,64,87
1219,12,4,109817,0,0,85.1,0,104,1.22,22,28,39,71
1220,12,5,109806,0,0,32.5,0,108,3.33,22,27,36,64
1221,12,6,109793,0,0,97.6,0,115,1.18,22,29,41,69
1222,12,7,109780,0,0,86.9,1158,119,1.38,22,26,46,69
1223,13,1,109773,0,0,83.3,0,113,1.36,22,29,51,73
1224,13,2,109752,0,0,81.6,0,111,1.37,23,73,61,81
1225,13,3,109736,0,0,79.1,0,106,1.35,22,27,67,82
1226,13,4,109722,0,0,77.1,0,104,1.36,22,27,57,74
1227,13,5,109711,0,0,79.7,0,105,1.33,22,28,51,73
1228,13,6,109693,0,0,79.8,0,109,1.38,22,28,47,70
1229,13,7,109681,0,0,78.9,1245,111,1.41,22.7,28.9,41,69
1230,14,1,109672,0,0,87.3,0,116,1.33,23,27,51,73
1231,14,2,109664,0,0,81.1,0,113,1.4,23,28,55,73
1232,14,3,109659,0,0,80.1,0,109,1.36,23,28,63,77
1233,14,4,109652,0,0,80.5,0,106,1.32,23,28,62,75
1234,14,5,109643,0,0,81.8,0,104,1.28,23,27,59,75
1235,14,6,109633,0,0,77.6,0,108,1.4,24,29,60,78
1236,14,7,109628,0,0,77.4,1351,110,1.43,24.5,27.9,55,71
1237,15,1,109621,0,0,79,0,109,1.39,23,26,58,75
1238,15,2,109615,0,0,78.1,0,103,1.33,23,27,56,71
1239,15,3,109609,0,0,78.3,0,100,1.29,23,27,60,74
1240,15,4,109604,0,0,77.6,0,102,1.32,23,27,58,76
1241,15,5,109595,0,0,76.2,0,101,1.33,23,28,53,73
1242,15,6,109590,0,0,57.8,0,82,1.42,23,28,53,72
1243,15,7,109584,0,0,58.1,1384,88,1.52,23.5,28.1,60,77
1244,16,1,109574,0,0,66,0,98,1.5,23.8,28.3,59,76
1245,16,2,109565,0,0,71.8,0,100,1.4,23,26,58,76
1246,16,3,109562,0,0,76.9,0,102,1.33,23,28,61,77
1247,16,4,109556,0,0,77.2,0,99,1.29,23,28,57,77
1248,16,5,109555,0,0,76.7,0,101,1.33,23,28,45,77
1249,16,6,109554,0,0,76.3,0,93,1.23,23,28,50,85
1250,16,7,109551,0,0,72.8,1483,90,1.25,23,28,61,85
1251,17,1,109549,0,0,72.9,0,97,1.34,23.7,28.6,64,84
1252,17,2,109546,0,0,74.1,0,83,1.13,23.7,27.2,67,91
1253,17,3,109539,0,0,71.2,0,80,1.12,22,29,75,91
1254,17,4,109531,0,0,95.6,0,99,1.04,24,28,80,93
1255,17,5,109524,0,0,72.3,0,83,1.15,24,29,75,95
1256,17,6,109518,0,0,73.3,0,95,1.31,23.9,29.9,80,94
1257,17,7,109515,0,0,72.3,1535,82,1.14,23.7,26,80,95
1258,18,1,109510,0,0,60.6,0,96,1.6,23,30,81,90
1259,18,2,109502,0,0,73.2,0,106,1.46,24.7,30.9,76,91
1260,18,3,109497,0,0,74.3,0,106,1.44,24,30,79,91
1261,18,4,109493,0,0,73.9,0,103,1.4,24,30,78,91
1262,18,5,109490,0,0,74,0,89,1.21,23,28,60,89
1263,18,6,109489,0,0,71.3,0,93,1.31,23,28,55,28
1264,18,7,109486,0,0,73.6,1590,100,1.37,22,28,56,76
1265,19,1,109480,0,0,68.7,0,93,1.36,22,24,73,91
1266,19,2,109478,0,0,71.5,0,106,1.48,24.2,29.6,81,91
1267,19,3,109472,0,0,72.1,0,117,1.63,26,31,86,91
1268,19,4,109465,0,0,72.5,0,117,1.63,26,31,89,90
1269,19,5,109458,0,0,90.6,0,117,1.3,26,30,81,86
1270,19,6,109458,0,0,71.1,0,121,1.71,25,30,75,86
1271,19,7,109453,0,0,75.1,1655,120,1.61,24,30,75,87
1272,20,1,109450,0,0,85.7,0,140,1.64,24,31,67,87
1273,20,2,109445,0,0,79.3,0,147,1.86,24,30,71,84
1274,20,3,109443,0,0,84.7,0,145,1.72,24,30,70,86
1275,20,4,109437,6.2,0,90.5,0,144,1.6,24,30,71,84
1276,20,5,109432,8.6,46.5,88.8,0,147,1.66,24.3,31,74,85
1277,20,6,109418,11.2,46.9,84.1,0,149,1.78,24,31,61,83
1278,20,7,109411,12.4,47.4,87.5,1730,152,1.75,25,33,70,81
1279,21,1,109398,17.8,47.6,77.8,0,179,2.31,27,32,69,81
1280,21,2,109382,22.1,47.8,73.3,0,183,2.51,26,33,74,83
1281,21,3,109374,24.6,48.2,82.5,0,175,2.13,27,31,76,82
1282,21,4,109357,31.3,48.7,81.4,0,184,2.27,27,31,77,86
1283,21,5,109338,37.6,49,77.6,0,189,2.44,27,32,77,86
1284,21,6,109323,38.58,49.4,79,0,184,2.34,27,32,74,86
1285,21,7,109307,46.9,49.4,80.7,1750,191,2.37,27,31,62,86
1286,22,1,109294,49.2,49.6,82.9,0,206,2.49,27,32,62,78
1287,22,2,109267,54.6,50.1,81.5,0,212,2.61,28,32,61,80
1288,22,3,109251,63.3,50.4,75.6,0,210,2.78,27,33,74,82
1289,22,4,109233,55.23,50.7,79.7,0,222,2.79,28,33.4,71,83
1290,22,5,109207,62.5,50.7,81.5,0,218,2.69,28.4,33.7,74,83
1291,22,6,109188,66.4,50.9,80.8,0,209,2.6,28.1,31.7,73,85
1292,22,7,109164,64,51.3,85.8,1730,212,2.48,27.9,31.3,78,85
1293,23,1,109143,67.4,51.7,86.8,0,213,2.46,28,31,76,85
1294,23,2,109129,68.61,52,86.2,0,219,2.54,28.5,32.4,72,83
1295,23,3,109106,75.83,52.1,92.1,0,223,2.43,28.1,31.3,71,84
1296,23,4,109096,65.65,52.5,86.9,0,227,2.62,28,31.9,77,85
1297,23,5,109083,70.41,52.7,91.7,0,221,2.41,28,32,76,85
1298,23,6,109071,72.67,52.9,92.2,0,223,2.42,28,31,69,79
1299,23,7,109054,71.28,53.1,92,1740,225,2.45,28,32,66,80
1300,24,1,109040,71.94,53.5,90.9,0,238,2.63,28.5,33.1,71,82
1301,24,2,109027,73.2,53.7,95.6,0,236,2.47,29,32,70,79
1302,24,3,109017,74.53,53.7,88.9,0,241,2.71,29,33,67,79
1303,24,4,108997,73.82,53.8,87.2,0,241,2.77,26,32,59,77
1304,24,5,108971,73.95,54.2,111.5,0,179,1.61,24,29,55,71
1305,24,6,108963,73.83,55,103.7,0,176,1.7,24,29.4,47,73
1306,24,7,108950,74.4,55,99.6,1740,181,1.82,23,29,67,78
1307,25,1,108936,75.56,55.2,108.4,0,229,2.12,25,30,70,78
1308,25,2,108921,74.33,55.8,95.3,0,213,2.24,25,28,67,82
1309,25,3,108905,74.42,56.2,106.8,0,227,2.13,24,32,66,82
1310,25,4,108893,75.23,55.8,102.5,0,231,2.26,27,30,62,82
1311,25,5,108877,74.1,56,100.1,0,194,1.92,25,28,77,82
1312,25,6,108858,76.21,56.1,116.4,0,208,1.79,25.3,28.2,69,79
1313,25,7,108845,77.65,56.1,121.7,0,188,1.55,22,26,63,81
1314,26,1,108834,74.13,56.6,122.2,1790,208,1.7,22,27,74,81
1315,26,2,108824,75,56.7,108.8,0,210,1.94,25,29,78,83
1316,26,3,108811,77.47,56.9,112.4,0,212,1.9,26,29,77,82
1317,26,4,108804,75.43,56.8,109.2,0,216,1.98,26.3,30.4,77,84
1318,26,5,108789,75.3,56.8,108.4,0,202,1.87,24,28,66,84
1319,26,6,108775,77.41,57,120.7,0,202,1.68,22,29,62,80
1320,26,7,108755,77.45,57.1,119.4,1800,179,1.5,23,29,58,72
1321,27,1,108744,76.61,57.3,124.7,0,210,1.69,25,30,70,78
1322,27,2,108734,76.11,57.4,119.8,0,216,1.81,24,29,60,82
1323,27,3,108724,79.36,57.6,122.2,0,218,1.79,23,29,50,74
1324,27,4,108713,75.7,75.6,113.6,0,216,1.9,24,29,62,75
1325,27,5,108702,77.01,57.7,112.9,0,196,1.74,24,27,48,72
1326,27,6,108694,77.77,57.9,114.8,0,201,1.75,22,29,43,69
1327,27,7,108686,77.52,58.1,116.9,1845,201,1.72,22,28,44,67
1328,28,1,108675,81.44,58.3,115.5,0,206,1.78,22,29,50,70
1329,28,2,108667,75.8,58.5,113.1,0,196,1.74,23,27,46,54
1330,28,3,108659,77.49,58.6,114.4,0,193,1.69,22,29,49,58
1331,28,4,108650,77.53,58.3,110.6,0,188,1.71,23,28,61,75
1332,28,5,108637,75.03,58.4,107.7,0,195,1.82,24,27,65,74
1333,28,6,108626,77,58.7,103,0,192,1.87,24,27,67,78
1334,28,7,108619,76.77,58.7,108,1865,197,1.83,24,27,62,78
1335,29,1,108612,76.31,58.8,109.6,0,221,2.02,23,27,55,74
1336,29,2,108598,76.5,59,111.4,0,215,1.93,23.6,28.6,44,68
1337,29,3,108591,81.35,58.7,114.8,0,201,1.76,23,27,51,69
1338,29,4,108583,73.43,58.8,110.8,0,224,2.02,24,25,55,73
1339,29,5,108576,76.92,58.7,113.1,0,223,1.98,23,26,62,71
1340,29,6,108571,77.3,58.7,113.7,0,189,1.66,23,27,41,78
1341,29,7,108567,77.04,59,109.1,1865,206,1.89,22,26,42,66
1342,30,1,108561,77.2,59,118.3,0,198,1.68,22,25,38,63
1343,30,2,108551,77.62,58.9,111.3,0,222,2,21,27,35,62
1344,30,3,108543,73.96,59.1,114.3,0,222,1.95,23,26,44,56
1345,30,4,108534,77.12,59.2,114.7,0,201,1.76,22,26,42,59
1346,30,5,108522,77.66,59.1,116,0,207,1.79,22,26,48,57
1347,30,6,108519,76.87,59.1,121.3,0,246,2.03,22,28,41,68
1348,30,7,108514,73.77,59,116.8,1917,201,1.72,22,25,41,67
1349,31,1,108505,77.01,59.2,116.9,0,208,1.79,21,25,43,61
1350,31,2,108498,80.2,58.9,113.9,0,209,1.84,20,25,46,63
1351,31,3,108489,76.84,59.6,125.2,0,208,1.66,21,25,41,63
1352,31,4,108482,60.91,59.8,114.4,0,226,1.98,21,27,48,63
1353,31,5,108476,77.29,59.5,118.8,0,212,1.79,24,27,52,69
1354,31,6,108466,77.12,59.5,114.1,0,209,1.83,23,27,58,70
1355,31,7,108456,68.67,59.6,120.4,1982,217,1.81,22,26,47,69
1356,32,1,108447,79.73,59.4,120.3,0,205,1.71,21,27,27,63
1357,32,2,108437,78.73,59.8,116.3,0,220,1.9,21,26,44,59
1358,32,3,108409,78.61,59.5,115.3,0,203,1.76,22,25,44,66
1359,32,4,108398,79.26,59.3,120.1,0,191,1.6,21,24,43,61
1360,32,5,108392,78.9,59.3,117,0,188,1.61,21,24,35,62
1361,32,6,108386,78.33,59.4,118.7,0,196,1.65,21,26,37,59
1362,32,7,108376,79.17,59.5,119.3,2008,189,1.59,20,25,39,63
1363,33,1,108367,78.11,59.7,119.8,0,212,1.77,21,25,50,63
1364,33,2,108356,78.01,59.9,120.9,0,191,1.59,21,25,40,63
1365,33,3,108341,78.28,59.9,116.3,0,203,1.75,21,24,39,66
1366,33,4,108334,79.28,59.9,118.7,0,199,1.68,20,25,42,63
1367,33,5,108326,76.67,59.9,119.1,0,197,1.66,21,25,39,59
1368,33,6,108319,79.56,59.9,119.3,0,193,1.62,20,25,44,64
1369,33,7,108307,79.06,60,130.8,2029,199,1.52,20,25,39,63
1370,34,1,108292,76.79,60.1,110.5,0,205,1.86,20,25,34,64
1371,34,2,108287,79.06,60.2,121.3,0,212,1.76,20,25,52,63
1372,34,3,108278,78.77,60.2,122,0,203,1.67,20,24,46,66
1373,34,4,108262,78.76,60.1,121.3,0,204,1.69,20,26,30,66
1374,34,5,108232,79.13,60.1,121.3,0,209,1.72,21,24,50,64
1375,34,6,108216,96.7,60,121.5,0,186,1.54,20,23,43,58
1376,34,7,108191,76.83,60.2,121.8,2046,200,1.65,20,24,47,63
1377,35,1,108181,77.78,60,120.2,0,193,1.61,20,24,38,67
1378,35,2,108174,77.36,60.3,118.1,0,200,1.7,21,24,40,57
1379,35,3,108164,77.04,0,121.7,0,223,1.83,21,24,53,63
1380,35,4,108155,78.43,60.3,120.5,0,192,1.6,20,26,29,64
1381,35,5,108141,77.12,60.3,119.6,0,199,1.67,20,24,37,60
1382,35,6,108125,77.78,60.4,119.9,0,196,1.64,20,24,40,64
1383,35,7,108110,77.68,60.5,123.3,2085,198,1.61,20,24,39,65
1384,36,1,108090,77.48,60.4,122.6,0,197,1.61,20,25,44,65
1385,36,2,108074,77.83,60.4,122.2,0,198,1.62,20,24,52,62
1386,36,3,108057,78.82,60.4,120.7,0,211,1.75,21,24,56,71
1387,36,4,108047,75.32,60.7,124.5,0,194,1.56,21,24,58,70
1388,36,5,108035,76.7,60.7,119.8,0,195,1.63,22,24,48,58
1389,36,6,108023,77.2,60.8,120.7,0,197,1.64,19,23,51,64
1390,36,7,108010,77.01,60.9,121.5,2074,192,1.58,19,23,55,67
1391,37,1,107999,77.63,60.5,124.4,0,194,1.56,19,23,37,64
1392,37,2,107974,75.99,60.6,120.8,0,195,1.62,19,23,39,62
1393,37,3,107954,77.76,60.5,124.8,0,207,1.66,19,23,43,63
1394,37,4,107942,76.16,60.8,125.2,0,186,1.49,19,24,34,65
1395,37,5,107931,76.99,60.9,119.8,0,190,1.59,19,23,46,59
1396,37,6,107907,76.76,60.9,119.4,0,186,1.56,19,22,43,61
1397,37,7,107892,77.06,60.9,118.9,2102,188,1.58,19,23,43,63
1398,38,1,107877,77.37,61,119.5,0,180,1.51,19,24,36,63
1399,38,2,107862,77.5,61.2,119.7,0,191,1.6,19,23,35,55
1400,38,3,107852,77.63,61.2,116.5,0,207,1.78,19,22,43,62
1401,38,4,107840,77.64,61.2,120.6,0,195,1.62,19,23,29,60
1402,38,5,107828,77.63,61.2,118.8,0,185,1.56,19,21,36,55
1403,38,6,107820,77.32,61.1,121,0,186,1.54,19,21,40,62
1404,38,7,107810,77.01,61.3,116,2076,185,1.6,19,23,45,63
1405,39,1,107796,76.82,61.6,122.4,0,183,1.5,19,23,34,64
1406,39,2,107783,77.51,61.6,120.1,0,182,1.52,19,23,48,58
1407,39,3,107768,76.08,61.7,119.2,0,206,1.73,19,21,32,56
1408,39,4,107759,77.62,61.6,132.5,0,189,1.43,19,23,28,60
1409,39,5,107741,76.94,61.5,110.3,0,190,1.72,19,21,41,57
1410,39,6,107731,74.34,61.5,118.8,0,180,1.52,19,23,41,59
1411,39,7,107720,77.01,61.6,121.7,2128,182,1.5,19,23,45,62
1412,40,1,107708,76.84,61.7,119.9,0,189,1.58,20,24,49,65
1413,40,2,107695,76.76,61.9,118.1,0,179,1.52,20,23,50,68
1414,40,3,107687,76.83,62,118.7,0,189,1.6,19,21,43,58
1415,40,4,107674,78.54,61.8,117.4,0,180,1.54,19,22,34,59
1416,40,5,107656,75.98,61.9,118.2,0,187,1.59,19,22,38,57
1417,40,6,107647,77.78,61.9,117.8,0,182,1.55,18,21,44,60
1418,40,7,107640,77.21,61.9,118.6,2149,182,1.54,19,20,46,62
1419,41,1,107631,77.62,61.8,117.8,0,179,1.52,19,21,26,63
1420,41,2,107617,74.25,62,119.7,0,181,1.51,19,21,40,52
1421,41,3,107603,75.6,61.9,116.8,0,215,1.84,19,21,40,58
1422,41,4,107585,76.86,62.2,119.1,0,208,1.75,19,22,36,62
1423,41,5,107573,75.31,62,117.9,0,189,1.61,19,20,43,62
1424,41,6,107561,76.47,61.8,117.2,0,186,1.59,19,20,44,62
1425,41,7,107551,76.52,61.9,122,2174,185,1.52,19,21,49,62
1426,42,1,107536,76.26,62,120.8,0,187,1.55,19,21,34,63
1427,42,2,107548,76.08,62.1,115.5,0,187,1.62,19,21,42,58
1428,42,3,107528,93.57,62.2,118.1,0,210,1.78,19,21,43,63
1429,42,4,107518,52.61,62.6,124.1,0,194,1.57,19,22,40,62
1430,42,5,107508,79,62.1,121.9,0,212,1.74,19,22,35,63
1431,42,6,107495,75.01,62.1,123.3,0,208,1.7,19,22,44,56
1432,42,7,107488,78.77,62.2,122.2,2151,194,1.59,19,21,41,59
1433,43,1,107479,77.51,62.3,122,0,191,1.57,19,20,45,59
1434,43,2,107465,76.83,62.2,122.2,0,196,1.61,18,21,39,63
1435,43,3,107451,76.04,62.3,122.2,0,196,1.61,19,20,37,59
1436,43,4,107431,76.27,61.9,122.3,0,210,1.72,18,21,40,60
1437,43,5,107417,75.34,62,120.1,0,191,1.59,18,20,36,63
1438,43,6,107403,77.32,62.2,118.6,0,192,1.62,18,21,43,57
1439,43,7,107389,75.25,62.2,118.6,2154,194,1.64,19,20,49,63
1440,44,1,107375,76.29,62.3,116,0,193,1.67,19,20,49,64
1441,44,2,107361,80.91,62.2,120.8,0,218,1.81,19,21,40,65
1442,44,3,107355,69.77,62.4,117.1,0,221,1.89,19,20,45,59
1443,44,4,107340,76.25,62.4,120.3,0,197,1.64,19,21.9,38,66
1444,44,5,107329,76.73,62.4,121.8,0,193,1.59,19.3,21.7,38,66
1445,44,6,107321,75.37,62.3,125.3,0,186,1.49,19,25,40,62
1446,44,7,107311,78.24,62.3,118.3,2209,185,1.57,19,20,46,64
1447,45,1,107297,76.11,62.5,124.2,0,187,1.51,19,20,48,65
1448,45,2,107285,75.73,62.6,122.6,0,188,1.54,18,21,32,64
1449,45,3,107276,77.14,62.6,121.2,0,191,1.58,19,20,40,62
1450,45,4,107271,75.01,62.6,118.9,0,185,1.56,19,20,47,64
1451,45,5,107264,75.92,62.5,119.7,0,185,1.55,19,21,33,62
1452,45,6,107256,76,62.4,121,0,183,1.52,18.9,20.5,40,60
1453,45,7,107244,76.1,62.6,119.5,2179,182,1.53,18,20,41,63
1454,46,1,107232,76.84,62.7,119.3,0,187,1.57,19,20,49,64
1455,46,2,107217,74.13,62.7,120.8,0,189,1.57,18,21,36,62
1456,46,3,107205,76.61,62.6,115,0,193,1.69,19,20.6,44,61
1457,46,4,107192,75.3,62.5,116.3,0,195,1.68,19,20,42,62
1458,46,5,107178,74.75,62.6,120.1,0,196,1.64,19,22,33,63
1459,46,6,107163,76.08,62.7,118.3,0,199,1.68,19,21,44,61
1460,46,7,107154,74.2,62.8,125.8,2218,191,1.52,19,21,44,61
1461,47,1,107142,73.33,62.7,113.4,0,190,1.68,19,22,47,62
1462,47,2,107136,74.94,62.7,118.8,0,189,1.59,19,22,40,63
1463,47,3,107124,75.43,62.7,119.4,0,198,1.66,19,20,40,53
1464,47,4,107113,75.4,62.7,119.4,0,195,1.64,19,20,38,62
1465,47,5,107101,74.59,62.6,116.5,0,198,1.71,19,20,31,62
1466,47,6,107087,74.63,62.6,120.4,0,199,1.66,19,21,39,62
1467,47,7,107077,76.32,62.9,114.1,2235,198,1.74,19,20,47,63
1468,48,1,107065,75.2,62.9,121.8,0,201,1.66,19.1,21.1,42,63
1469,48,2,107046,77.24,62.6,120.4,0,202,1.69,19,21,42,63
1470,48,3,107030,69.9,63,121.8,0,198,1.63,19,21,44,63
1471,48,4,107018,74.52,62.6,119.6,0,198,1.66,19,21,43,60
1472,48,5,107009,74.43,62.9,121.4,0,195,1.61,19,21,43,60
1473,48,6,106996,74.25,62.9,120.7,0,196,1.63,19,21,44,59
1474,48,7,106985,75.96,62.9,119.2,2206,194,1.63,20,21,44,59
1475,49,1,106976,73.96,63,119.8,0,192,1.61,19,21,29,61
1476,49,2,106966,73.74,63.1,119.5,0,198,1.66,19,21,37,59
1477,49,3,106955,74.32,63.1,119.5,0,199,1.67,19,21,45,62
1478,49,4,106942,73.66,63.1,119.9,0,198,1.66,19,21,38,63
1479,49,5,106923,74.57,63.1,121.5,0,196,1.61,19,21,32,62
1480,49,6,106915,77.22,63,119.5,0,199,1.67,19.8,21,41,60
1481,49,7,106904,71.78,63,116.7,2230,195,1.67,19,21,45,60
1482,50,1,106891,73.81,63,119.5,0,198,1.66,19,21,45,60
1483,50,2,106884,75.46,62.8,120.8,0,197,1.63,19,21,31,64
1484,50,3,106875,72.54,62.9,118.3,0,199,1.69,19,21,40,59
1485,50,4,106865,80.25,62.9,118.2,0,198,1.68,19,21,40,59
1486,50,5,106852,67.38,62.9,118.1,0,197,1.67,17,21,40,61
1487,50,6,106845,73.71,62.9,119.3,0,201,1.69,19,21,45,61
1488,50,7,106832,72.63,62.9,121.3,2254,200,1.65,20,21,44,63
1489,51,1,106818,76.31,62.9,119.2,0,200,1.68,20,21,44,63
1490,51,2,106811,71.73,63,119.7,0,199,1.67,19,22,44,64
1491,51,3,106807,74.87,63,118.8,0,194,1.64,20,21,47,63
1492,51,4,106797,76.31,63,123.7,0,202,1.64,20,21,46,63
1493,51,5,106788,71.21,63.1,122.7,0,199,1.62,20,22,34,62
1494,51,6,106782,73.93,63.2,117.1,0,201,1.72,20,22,32,59
1495,51,7,106771,72.33,63.2,117.4,2240,200,1.71,20,22,39,63
1496,52,1,106759,73.73,63.2,121.3,0,198,1.64,20,21,47,63
1497,52,2,106745,73.2,63.2,120.2,0,199,1.66,20,23,39,63
1498,52,3,106733,74.38,0,119.4,0,200,1.68,20,22,34,59
1499,52,4,106720,73.18,63.2,117.4,0,198,1.69,20,23,41,61
1500,52,5,106706,75.31,63.1,117.9,0,199,1.69,20,24,28,62
1501,52,6,106695,72.17,63.3,118.8,0,198,1.67,20,23,34,59
1502,52,7,106678,75.32,63.2,121.1,2266,195,1.62,20,22,33,59
1503,53,1,106667,72.8,63.2,119.5,0,195,1.63,20,22,39,62
1504,53,2,106655,74.63,63.2,118,0,199,1.69,20,24,36,62
1505,53,3,106644,72.34,63.2,118.5,0,200,1.69,21,22,44,63
1506,53,4,106638,73.05,63.1,119.3,0,200,1.68,20,22,43,62
1507,53,5,106622,76.17,63.2,121.3,0,199,1.65,20,23,30,61
1508,53,6,106603,70.44,63.2,123.1,0,201,1.64,20,22,30,59
1509,53,7,106592,73.95,63,117.4,2263,194,1.66,20,23,27,59
1510,54,1,106579,74.23,63,119.6,0,191,1.6,20,22,45,64
1511,54,2,106559,72.67,63,119.8,0,194,1.62,20,22,36,63
1512,54,3,106547,73.87,62.9,119.5,0,196,1.65,20,21,38,55
1513,54,4,106535,74.66,63,119.8,0,192,1.61,20,22,36,60
1514,54,5,106515,74.19,63,122.1,0,189,1.55,20,23,29,61
1515,54,6,106497,71.89,63.2,121.1,0,188,1.56,20,21,40,59
1516,54,7,106488,73.93,63.1,121.1,2271,188,1.55,20,22,39,60
1517,55,1,106473,74.15,63,121.1,0,188,1.55,20,23,32,59
1518,55,2,106458,75.64,63,121.7,0,193,1.59,20,25,34,58
1519,55,3,106444,71.84,63.2,120.4,0,188,1.57,20,25,43,63
1520,55,4,106429,75.03,63.1,121,0,183,1.52,20,22,51,64
1521,55,5,106413,71.78,63.2,119,0,189,1.59,20,22,30,58
1522,55,6,106397,75.1,63.2,119.8,0,185,1.55,20,22,39,55
1523,55,7,106387,74.07,63.2,121,2250,188,1.56,20,21,40,58
1524,56,1,106376,73.47,63.2,125,0,192,1.54,20,22,41,58
1525,56,2,106357,75.05,63.3,119.5,0,191,1.6,20,24,31,59
1526,56,3,106344,72.71,63.3,120.6,0,210,1.75,20,24,40,62
1527,56,4,106321,72.53,63.3,121.1,0,230,1.9,20,23,36,62
1528,56,5,106295,73.42,63.3,123,0,191,1.56,21,23,30,57
1529,56,6,106288,74.32,63.2,120.4,0,231,1.92,21,23,41,56
1530,56,7,106275,77.36,63.3,120.4,2298,196,1.64,21,22,41,55
1531,57,1,106258,68.48,63.3,122.8,0,191,1.56,21,22,41,55
1532,57,2,106238,73.64,63.2,121.4,0,214,1.77,20,23,30,58
1533,57,3,106225,73.59,63.2,121.8,0,195,1.61,20,23,33,56
1534,57,4,106211,72.67,63.2,120.1,0,222,1.86,21,23,32,57
1535,57,5,106189,73.18,63.1,120.5,0,208,1.73,21,24,33,57
1536,57,6,106171,74.71,63.1,119.5,0,196,1.6,21,24,31,56
1537,57,7,106160,72.17,63.1,121.5,2314,212,1.73,21,24,27,52
1538,58,1,106145,72.87,63.1,120.9,0,187,1.55,21,24,32,55
1539,58,2,106127,73.92,63.2,121.4,0,192,1.59,21,25,26,57
1540,58,3,106117,74.33,63.1,118.5,0,187,1.58,21,23,48,60
1541,58,4,106109,72.65,63.1,122.2,0,187,1.53,21,24,43,59
1542,58,5,106092,73.04,63.2,120.8,0,191,1.59,21,24,33,60
1543,58,6,106079,73.69,63.2,118,0,192,1.64,21,24,30,56
1544,58,7,106065,72.57,63.1,119.2,2296,193,1.58,21,24,44,57
1545,59,1,106048,72.78,63.1,119.5,0,199,1.67,21,27,33,59
1546,59,2,106030,73.18,63.2,118.3,0,206,1.75,22,27,23,58
1547,59,3,106023,72.89,63.2,118.5,0,207,1.75,22,27,30,59
1548,59,4,106008,73.39,63.1,119.3,0,197,1.66,22,25,47,64
1549,59,5,105994,74.55,63.2,120.6,0,221,1.8,22,27,40,64
1550,59,6,105978,72.78,63.2,119.8,0,198,1.66,23,26,45,63
1551,59,7,105965,78.25,63.1,120.3,2277,196,1.63,22,26,57,73
1552,60,1,105948,67.04,63.2,120,0,205,1.71,22,29,30,63
1553,60,2,105941,72.6,63.1,119.8,0,217,1.81,22,28,40,62
1554,60,3,105926,72.7,63.1,120.5,0,226,1.88,23,27.6,53,65
1555,60,4,105915,74.12,63.1,115.9,0,194,1.68,22,26,51,64
1556,60,5,105909,71.09,63.2,117.6,0,189,1.61,22.3,24,44,63
1557,60,6,105897,77.45,63.1,117.6,0,195,1.66,22,26,43,56
1558,60,7,105878,68.53,63,117.7,2318,198,1.69,22,26,41,61
1559,61,1,105854,72.41,63,119.6,0,197,1.65,22,25,45,62
1560,61,2,105835,72.48,63,118.8,0,214,1.8,22,27,40,63
1561,61,3,105821,72.17,63,118.6,0,196,1.65,22,26,46,57
1562,61,4,105803,72.49,63,118.5,0,202,1.71,22,27,33,59
1563,61,5,105785,71.9,63,119.7,0,204,1.7,22,28,28,57
1564,61,6,105772,72.48,62.9,118.8,0,202,1.7,22,28,43,70
1565,61,7,105763,72.54,62.9,121.3,2311,199,1.65,22,27,25,58
1566,62,1,105752,72.71,62.9,116.6,0,197,1.69,22,26,27,56
1567,62,2,105740,72.27,62.9,117.8,0,202,1.72,22,27,25,59
1568,62,3,105722,72.78,63,116.4,0,213,1.83,22,26,39,56
1569,62,4,105701,72.48,63,117.6,0,199,1.7,22,26,30,58
1570,62,5,105687,72.21,63,118.7,0,199,1.71,22,28,36,59
1571,62,6,105674,74.18,63,119.1,0,203,1.7,22,27,36,57
1572,62,7,105664,70.23,62.9,119.8,2313,198,1.66,22,29,34,58
1573,63,1,105647,70.31,62.9,120.1,0,200,1.67,22,27,37,59
1574,63,2,105630,73.35,62.9,117.5,0,203,1.73,22,28,36,62
1575,63,3,105617,72.02,62.8,118.2,0,208,1.76,23,29,41,63
1576,63,4,105597,69.54,62.9,116.5,0,234,2.01,23,30,35,64
1577,63,5,105581,72.31,62.9,114.4,0,220,1.93,23.6,30.3,40,67
1578,63,6,105570,71.88,62.9,120.1,0,218,1.82,24,26,49,60
1579,63,7,105555,71.26,62.8,118,2313,213,1.81,24,26,58,75
1580,64,1,105535,71.58,63.1,114.1,0,226,1.99,21,25,43,72
1581,64,2,105519,71.88,62.9,113.5,0,202,1.78,21,26,34,62
1582,64,3,105503,70.16,62.8,108.6,0,217,2,21,28,31,62
1583,64,4,105482,70.92,62.8,115,0,222,1.94,22,30,29,67
1584,64,5,105466,69.88,62.7,117.3,0,252,2.15,22,33,41,67
1585,64,6,105436,70.72,62.8,107.4,0,204,1.9,23,30,33,65
1586,64,7,105421,70.46,62.6,111.4,2300,210,1.89,23,31,32,67
1587,65,1,105401,72.53,62.6,113.6,0,185,1.63,23,25,53,74
1588,65,2,105388,71.08,62.6,112,0,192,1.72,22,26,32,60
1589,65,3,105374,71.45,62.6,114.2,0,214,1.88,22,28,32,61
1590,65,4,105357,73.66,62.7,113.4,0,199,1.76,22,28,42,61
1591,65,5,105346,67.51,62.8,117,0,202,1.73,23,26,39,62
1592,65,6,105333,70.69,62.9,115.5,0,199,1.73,22,26,51,63
1593,65,7,105313,70.13,62.9,117.4,2296,205,1.75,22,28,27,63
1594,66,1,105297,71.02,62.7,116.6,0,215,1.85,23,29,36,63
1595,66,2,105283,69.33,62.7,115.7,0,222,1.92,23,30,36,68
1596,66,3,105268,70.31,62.8,111.8,0,196,1.75,23,28,57,71
1597,66,4,105256,73.81,62.8,114.2,0,200,0,23.6,28.9,57,74
1598,66,5,105243,65.85,62.9,112.5,0,197,1.75,23,27,53,71
1599,66,6,105221,73.16,62.9,118.1,0,201,1.7,23,29,47,67
1600,66,7,105208,68.34,62.8,116.4,2284,206,1.78,23,28,55,68
1601,67,1,105198,70.23,62.9,117,0,200,1.72,23.6,26.2,51,70
1602,67,2,105186,68.59,63,117.6,0,205,1.75,23,28,42,62
1603,67,3,105169,69.93,63,116.7,0,216,1.85,23,27,51,67
1604,67,4,105149,70.55,63,117.8,0,213,1.81,23,30,44,67
1605,67,5,105136,68.96,63,117.7,0,205,1.75,23,29,46,67
1606,67,6,105110,69.66,63,117.1,0,197,1.7,23,27,58,67
1607,67,7,105098,69.77,63,117.1,2292,214,1.83,23,29,47,69
1608,68,1,105085,70.2,62.9,119.6,0,199,1.67,23,28,52,70
1609,68,2,105073,68.97,62.8,116.4,0,204,1.75,23,28,55,72
1610,68,3,105055,71.63,62.9,118.4,0,199,1.69,23,29,56,71
1611,68,4,105024,67.04,62.8,119.9,0,203,1.7,23,29,53,74
1612,68,5,105014,69.47,62.9,119,0,204,1.72,23,29,56,74
1613,68,6,104986,69.45,62.8,119.4,0,216,1.81,23,31,41,72
1614,68,7,104970,69.9,62.8,118.7,2300,212,1.79,23,30,40,70
1615,69,1,104952,71.3,62.9,117.3,0,209,1.78,23,30,44,70
1616,69,2,104938,65.8,63,117.8,0,211,1.79,23,31,44,71
1617,69,3,104923,71.46,62.9,114.2,0,200,1.75,22,29,53,75
1618,69,4,104910,66,63,117.3,0,205,1.76,24,30,58,76
1619,69,5,104886,67.46,63,119.3,0,216,1.82,24,30,58,76
1620,69,6,104871,70.42,63.1,115.6,0,196,1.7,24,28,64,77
1621,69,7,104857,71.06,63.1,117.2,2312,216,1.84,23,29,62,77
1622,70,1,104841,65.65,63.2,120.9,0,210,1.74,22,29,45,78
1623,70,2,104828,67.67,63.1,119.2,0,208,1.75,22,30,56,92
1624,70,3,104812,70.34,63.1,117.1,0,200,1.71,22,28,62,79
1625,70,4,104801,67.17,63.1,121.5,0,195,1.61,22,28,54,79
1626,70,5,104789,71.74,63.3,120.7,0,214,1.78,22,32,43,79
1627,70,6,104770,67.06,63.3,119.6,0,220,1.84,23,32,44,70
1628,70,7,104759,66.96,63.4,115.7,2305,225,1.95,25,32,38,62
1629,71,1,104739,67.6,63.1,117.3,0,215,1.84,23,31,42,56
1630,71,2,104720,66.79,63,116.4,0,220,1.89,22,31,42,56
1631,71,3,104700,69.74,62.9,115.6,0,195,1.69,22,28,48,78
1632,71,4,104685,68.65,63.1,114,0,195,1.72,22,26,62,75
1633,71,5,104677,69.69,62.9,119.9,0,205,1.71,23,29,52,72
1634,71,6,104662,65.67,63.1,115.2,0,205,1.79,24,29,59,75
1635,71,7,104603,106.21,62.9,70.9,0,200,2.84,23,31,48,76
1636,72,1,104153,34.94,63.4,0,0,74,0,23,27,69,100
1637,72,2,104153,0.47,0,0,0,0,0,0,0,0,0
1638,11,3,0,0,0,0,0,0,0,0,0,0,0
1639,11,4,0,0,0,0,0,0,0,0,0,0,0
1640,11,5,0,0,0,0,0,0,0,0,0,0,0
1641,11,6,121500,0,0,81.7,0,105,1.29,11,23,31,84
1642,11,7,121491,0,0,78.2,0,136,1.75,21,23,47,64
1643,12,1,121478,0,0,81.5,0,108,1.33,21,27,36,66
1644,12,2,121468,0,0,72,0,120,1.57,21,26,28,65
1645,12,3,121460,0,0,69.3,0,119,1.57,22,25,32,64
1646,12,4,121450,0,0,70.6,0,115,1.64,22,25,50,70
1647,12,5,121424,0,0,72.2,0,133,1.85,21,27,0,0
1648,12,6,121406,0,0,77,0,118,1.54,21,25,47,71
1649,12,7,121391,0,0,75.7,1175,120,1.59,21,25,51,70
1650,13,1,121367,0,0,76.4,0,126,1.66,21,29,30,68
1651,13,2,121361,0,0,75.2,0,116,1.55,21,27,43,70
1652,13,3,121342,0,0,75.6,0,118,1.57,21,26,57,73
1653,13,4,121312,0,0,74.7,0,122,1.71,21,25,53,70
1654,13,5,121293,0,0,76,0,100,1.32,18,23,51,65
1655,13,6,121283,0,0,71.8,0,130,1.82,21,24,45,60
1656,13,7,121279,0,0,74.7,0,141,1.9,21,25,42,62
1657,14,1,121262,0,0,77.7,1286,127,1.64,21,24,47,64
1658,14,2,121249,0,0,97.6,0,150,1.54,21,27,44,66
1659,14,3,121246,0,0,84.3,0,131,1.56,21,25,50,61
1660,14,4,121230,0,0,81.9,0,134,1.65,21,26,32,63
1661,14,5,121222,0,0,78.7,0,129,1.64,21,27,30,62
1662,14,6,121219,0,0,81.2,0,129,1.59,21,27,37,65
1663,14,7,121212,0,0,80.9,1379,144,1.79,21,27,25,65
1664,15,1,121203,0,0,83,0,132,1.6,21,25,29,62
1665,15,2,121197,0,0,81.6,0,135,1.66,21.5,26.2,28,62
1666,15,3,121190,0,0,90.7,0,132,1.46,21.5,26.2,43,63
1667,15,4,121179,0,0,81.4,0,129,1.6,21.6,26.1,33,65
1668,15,5,121174,0,0,69.5,0,113,1.63,21.6,27,42,65
1669,15,6,121169,0,0,72.2,0,122,1.7,21.6,26.6,40,65
1670,15,7,121169,0,0,82.6,1441,115,1.4,21,28,36,64
1671,16,1,121160,0,0,81.6,0,136,1.68,21,27,42,65
1672,16,2,121154,0,0,81.3,0,122,1.5,21,28,41,68
1673,16,3,121146,0,0,82.1,1478,120,1.47,22,28,46,69
1674,16,4,121143,0,0,80,0,122,1.54,22,30,46,71
1675,16,5,121141,0,0,78.3,0,115,1.48,22.7,29,45,70
1676,16,6,121139,0,0,84.9,0,127,1.5,23,26,53,67
1677,16,7,121136,0,0,77.3,1510,118,1.53,23,26,64,78
1678,17,1,121129,0,0,80,0,118,1.48,21,25,47,78
1679,17,2,121127,0,0,80.2,0,110,1.38,21.1,26,40,71
1680,17,3,121120,0,0,78.8,0,112,1.42,20,27,34,70
1681,17,4,121117,0,0,80.8,0,120,1.49,21,30,32,71
1682,17,5,121114,0,0,79.5,0,160,2.02,22,32,46,72
1683,17,6,121114,0,0,78.9,0,113,1.44,22,30,36,73
1684,17,7,121108,0,0,79.4,1588,123,1.56,22,31,34,72
1685,18,1,121107,0,0,76.3,0,111,1.46,21,25,57,71
1686,18,2,121099,0,0,80.4,0,114,1.42,19,25,32,67
1687,18,3,121094,0,0,81.7,0,130,1.6,21,27,35,68
1688,18,4,121090,0,0,81.6,0,134,1.65,21,27,47,70
1689,18,5,121086,0,0,82.7,0,145,1.76,22,26,42,71
1690,18,6,121082,0,0,83.3,0,125,1.5,21,25,54,72
1691,18,7,121081,0,0,85.4,1665,130,1.53,21,28,30,74
1692,19,1,121078,0,0,86.6,0,152,1.76,21,29,38,71
1693,19,2,121075,0,0,88.3,0,138,1.57,22,29,40,76
1694,19,3,121070,0,0,87.3,0,144,1.65,22,27,63,77
1695,19,4,121067,0,0,92.6,0,140,1.51,22,27,61,79
1696,19,5,121061,1.52,0,86.9,0,149,1.72,22,26,57,79
1697,19,6,121056,2.38,45.7,91.1,0,164,1.81,22,28,52,76
1698,19,7,121049,3.71,46,94.5,1785,160,1.7,23,28,60,78
1699,20,1,121044,5.43,46.3,95.3,0,151,1.59,22,25,57,78
1700,20,2,121038,7.39,46.5,97.7,0,161,1.65,22,27,47,72
1701,20,3,121032,10.33,46.9,95.1,0,181,1.91,22,27,55,77
1702,20,4,121023,13.61,47.2,98.9,0,173,1.75,22,29,47,78
1703,20,5,121004,17.78,47.5,94.5,0,186,1.97,22,29,51,74
1704,20,6,120991,22.15,47.9,95.6,0,178,1.87,22,27,63,78
1705,20,7,120968,28.04,48.2,95.5,1869,183,1.92,22,28,56,78
1706,21,1,120937,33.12,48.5,96.7,0,191,1.98,23,27,61,77
1707,21,2,120904,38.69,48.8,93.2,0,193,2.08,23,27,62,77
1708,21,3,120887,44.4,49.1,96.5,0,212,2.21,23,28,62,77
1709,21,4,120864,50.55,49.5,96,0,188,1.96,23,28,58,79
1710,21,5,120848,55.49,49.9,95.7,0,190,1.99,23,28,63,79
1711,21,6,120828,60.71,50.1,97.9,0,197,2.02,23,31,46,78
1712,21,7,120806,64.68,50.4,93.3,1920,201,2.16,23,30,46,78
1713,22,1,120783,68.87,50.7,98.7,0,222,2.26,23,30,50,76
1714,22,2,120772,71.79,51,95.9,0,219,2.29,22,30,54,78
1715,22,3,120743,75.3,51.4,97.7,0,204,2.1,23,28,58,82
1716,22,4,120730,76.72,51.8,97.8,0,208,2.13,23,29,68,82
1717,22,5,120694,79.37,51.9,99.1,0,197,2,23,29,66,82
1718,22,6,120666,80.74,52.2,99.2,0,199,2.02,23,27,70,82
1719,22,7,120640,82.57,52.4,100.4,1929,207,2.06,23,28,70,82
1720,23,1,120614,83.61,52.6,99.4,0,202,2.03,22,28,61,82
1721,23,2,120593,83.3,52.9,103.9,0,205,1.98,22,29,59,83
1722,23,3,120568,85.2,52.9,101.3,0,209,2.07,23,28,57,77
1723,23,4,120550,84.8,53.2,105.4,0,215,2.05,23,28,55,78
1724,23,5,120531,86.2,53.5,101.1,0,230,2.28,22,31,46,83
1725,23,6,120503,85.7,53.4,101.5,0,221,2.18,22,31,44,72
1726,23,7,120482,86.5,53.5,99.6,1921,234,2.35,24,31,38,72
1727,24,1,120467,86.7,53.7,99.9,0,223,2.24,23,31,42,62
1728,24,2,120442,87.1,54.1,100.1,0,224,2.24,22,30,42,61
1729,24,3,120422,87.5,54.1,101.7,0,211,2.08,22,27,50,72
1730,24,4,120398,87.8,54.7,99.9,0,212,2.13,22,27,61,70
1731,24,5,120380,87.4,54.8,107.6,0,222,2.07,22,29,56,70
1732,24,6,120367,88.4,55,106.6,0,218,2.05,23,28,59,73
1733,24,7,120360,87.1,55.3,109.4,1950,235,2.15,23,30,55,73
1734,25,1,120350,88.4,55.3,105,0,224,2.14,24,28,62,73
1735,25,2,120335,88.4,55.3,107.3,0,224,2.09,23,30,56,72
1736,25,3,120321,88.8,55.3,105.8,0,223,2.11,24,31,57,72
1737,25,4,120315,88.78,55.6,103.4,0,219,2.12,24,30,60,71
1738,25,5,120300,88.93,55.7,100.6,0,233,2.32,25,32,59,71
1739,25,6,120296,88.66,55.5,100.4,0,233,2.32,27,31,61,70
1740,25,7,120284,88.9,55.9,102.9,1950,218,2.12,25,29,64,74
1741,26,1,120274,88.86,55.9,102.8,0,235,2.29,26,32,62,74
1742,26,2,120263,89,56,104.3,0,228,2.19,26,32,62,74
1743,26,3,120251,89.08,55.9,100.7,0,224,2.23,26,29,69,74
1744,26,4,120235,89.12,56.1,101.1,0,217,2.15,27,28,71,76
1745,26,5,120223,88.82,56.3,103.2,0,218,2.11,27,29,65,76
1746,26,6,120211,88.91,56.4,102.6,0,230,2.24,26,32,66,76
1747,26,7,120206,89.7,56.2,102.4,1936,220,2.15,27,29,70,79
1748,27,1,120202,88.9,56.6,105.3,0,237,2.26,27,32,67,79
1749,27,2,120190,89.3,56.3,98.9,0,244,2.47,27,32,67,79
1750,27,3,120180,89.57,56.2,98.3,0,231,2.36,27,31,73,78
1751,27,4,120165,89.4,56.5,99.7,0,233,2.34,27,32,70,80
1752,27,5,120155,89,56.2,98.2,0,231,2.36,26,33,67,80
1753,27,6,120144,89.8,56.1,94.6,0,227,2.41,26,34,65,80
1754,27,7,120119,89.4,55.9,94.9,1911,255,2.69,26,34,65,79
1755,28,1,120109,90.15,55.9,95,0,244,2.58,26,36,65,80
1756,28,2,120101,89.3,55.7,97.2,0,246,2.54,28,33,61,79
1757,28,3,120076,89.55,56.5,94.4,0,233,2.47,27,32,65,79
1758,28,4,120054,88.4,55.8,95.1,0,224,2.36,27,31,72,79
1759,28,5,120042,88.69,56,98.2,0,227,2.32,26,32,71,78
1760,28,6,120026,89.73,55.9,97.2,0,238,2.46,27,32,68,78
1761,28,7,120012,89.37,55.9,99.6,1888,235,2.37,27,31,66,77
1762,29,1,119999,89.49,56.2,99.4,0,229,2.31,27,31,74,78
1763,29,2,119995,88.9,56.2,98.7,0,234,2.38,27,33,71,79
1764,29,3,119984,89.16,56.1,100.4,0,237,2.37,27,33,71,79
1765,29,4,119976,89.66,56.1,99.9,0,217,2.18,26,29,68,79
1766,29,5,119969,88.97,56.7,104.7,0,232,2.22,26,30,72,79
1767,29,6,119961,89.67,56.5,109.6,0,233,2.13,23,29,72,79
1768,29,7,119949,90.29,56.9,114.6,1920,208,1.82,23,27,72,79
1769,30,1,119947,90.52,57.2,113.7,0,240,2.12,23,27,70,79
1770,30,2,119946,90.23,57.3,112.5,0,230,2.05,24,30,71,79
1771,30,3,119939,90.39,57.4,112.7,0,224,2,25,30,67,77
1772,30,4,119930,90.63,57.4,113.1,0,224,1.99,25,30,62,78
1773,30,5,119924,90.35,57.5,112.2,0,210,1.88,24,28,67,78
1774,30,6,119922,90.38,57.6,113.7,0,213,1.88,23,27,67,78
1775,30,7,119916,90.66,57.7,116.2,1957,227,1.96,23,30,58,78
1776,31,1,119911,91.19,57.9,115.9,0,225,1.94,23,28,70,78
1777,31,2,119902,90.67,58.2,115.4,0,220,1.91,25,27,71,78
1778,31,3,119898,90.53,58.2,117.3,0,220,1.88,25,28,71,78
1779,31,4,119889,90.99,58.1,115.6,0,213,1.84,24,28,66,78
1780,31,5,119880,90.53,58.3,118.9,0,211,1.78,23,27,56,76
1781,31,6,119870,90.94,58.4,118.7,0,217,1.83,22,27,63,76
1782,31,7,119865,90.7,58.5,120,1986,233,1.95,23,27,60,78
1783,32,1,119858,90.7,58.7,121.3,0,237,1.96,23,27,66,78
1784,32,2,119854,90.4,58.8,114.6,0,223,1.95,24,27,66,76
1785,32,3,119846,90.9,58.9,122.3,0,215,1.76,24,29,72,80
1786,32,4,119836,90.8,58.9,116.4,0,216,1.86,24,29,74,80
1787,32,5,119830,90.5,58.8,116.9,0,232,1.99,24,30,71,79
1788,32,6,119821,90.7,58.8,110.8,0,227,2.05,25,30,67,78
1789,32,7,119814,90.8,58.8,114.4,2000,217,1.9,25,28,72,79
1790,33,1,119809,90.6,58.9,115.1,0,224,1.95,24,28,70,79
1791,33,2,119803,73.8,59.5,121.4,0,231,1.91,25,31,68,79
1792,33,3,119798,92.2,59.3,119.6,0,215,1.8,25,28,68,80
1793,33,4,119790,94.4,59.3,117.7,0,207,1.76,22,25,64,74
1794,33,5,119781,88,59.4,118.4,0,218,1.85,23,28,53,76
1795,33,6,119776,91.2,59.3,117.6,0,227,1.94,23,26,68,79
1796,33,7,119773,90.13,59.4,118.1,2044,214,1.82,23,29,67,78
1797,34,1,119760,91.1,59.4,118.5,0,211,1.78,22,27,53,78
1798,34,2,119749,92.1,59.4,118.9,0,213,1.79,22,27,46,71
1799,34,3,119740,92.71,59.6,119.2,0,216,1.82,22,27,41,70
1800,34,4,119734,88.94,59.7,119.7,0,214,1.79,21,27,49,65
1801,34,5,119726,91.9,59.7,120,0,216,1.8,21,26,52,68
1802,34,6,119720,89.97,59.8,119.6,0,215,1.81,22,26,55,71
1803,34,7,119707,93.43,59.5,121.4,2049,206,1.7,22,23,63,71
1804,35,1,119696,88.4,59.9,120.7,0,215,1.78,21,25,49,70
1805,35,2,119690,90.94,60,119.9,0,213,1.78,21,27,46,71
1806,35,3,119678,91.17,60.1,120.9,0,213,1.77,21,27,52,73
1807,35,4,119669,91,60.1,121.7,0,221,1.82,22,27,56,74
1808,35,5,119666,89.86,60.2,122.2,0,223,1.83,23,29,49,73
1809,35,6,119660,90.15,60.2,121.4,0,231,1.91,22,27,64,75
1810,35,7,119651,90.94,60.2,121.1,2070,213,1.76,22,27,53,76
1811,36,1,119642,90.45,60.3,122.4,0,210,1.72,22,27,56,74
1812,36,2,119634,90.9,60.3,119.4,0,219,1.84,22,27,60,78
1813,36,3,119626,90.9,60.2,119.4,0,208,1.75,23,26,60,78
1814,36,4,119609,91,60.1,119.3,0,219,1.84,22,29,64,78
1815,36,5,119599,90.79,60.4,106.6,0,214,2.01,22,27,66,77
1816,36,6,119588,90.81,60.2,117.6,0,214,1.83,21,24,57,74
1817,36,7,119578,90.26,60.5,113.4,2089,197,1.74,21,25,53,64
1818,37,1,119566,86.96,60.6,119.7,0,203,1.7,21,23,61,74
1819,37,2,119560,88.98,60.4,124.7,0,215,1.73,20,24,38,74
1820,37,3,119551,93,60.4,119,0,208,1.75,20,25,42,64
1821,37,4,119547,88.5,60.5,120.8,0,207,1.72,21,24,49,66
1822,37,5,119534,88.85,60.7,120.8,0,216,1.79,21,27,45,68
1823,37,6,119530,91.89,60.7,118.8,0,240,2.02,22,27,45,58
1824,37,7,119521,87.6,60.7,117.3,2119,209,1.79,21.1,25.6,47,67
1825,38,1,119506,89.75,60.6,115.5,0,205,1.78,20,24,46,68
1826,38,2,119496,92.29,60.5,118,0,209,1.77,20,25,44,64
1827,38,3,119489,89.63,60.6,119,0,221,1.86,20,25,49,65
1828,38,4,119478,89.28,60.8,119.2,0,211,1.78,21,25,45,67
1829,38,5,119471,91.76,60.9,119.3,0,217,1.82,21,26,46,64
1830,38,6,119461,88.81,61,119.3,0,216,1.82,21,25,49,69
1831,38,7,119452,91.63,61,119.8,2127,223,1.86,21,25,49,71
1832,39,1,119446,88.56,60.9,119.2,0,228,1.92,21,26,42,68
1833,39,2,119443,89.53,60.9,120.3,0,219,1.83,21,26,41,67
1834,39,3,119435,90.42,60.9,118.1,0,211,1.79,21,25,51,65
1835,39,4,119418,90.45,60.9,117.9,0,232,1.97,22,26,41,62
1836,39,5,119410,90.6,60.9,116.1,0,214,1.85,21,25,45,66
1837,39,6,119404,89.54,61,116.2,0,208,1.8,21,24,46,58
1838,39,7,119392,91.4,61,117.2,2136,209,1.79,20,24,43,64
1839,40,1,119382,88.7,61,117,0,210,1.8,20,24,49,64
1840,40,2,119369,89.6,61,125.8,0,224,1.78,20,25,41,67
1841,40,3,119361,90.7,61.1,114.5,0,213,1.87,20,24,47,64
1842,40,4,119354,89.7,61,117.2,0,217,1.86,20,25,53,70
1843,40,5,119344,88.7,61,116.8,0,215,1.84,20,25,34,72
1844,40,6,119336,90.9,61.1,120.2,0,213,1.78,20,24,53,66
1845,40,7,119329,90,61,120,2149,216,1.8,21,25,49,66
1846,41,1,119315,91,61.1,118.5,0,222,1.88,20,24,45,67
1847,41,2,119298,89.4,61.1,119.5,0,209,1.75,20,24,45,67
1848,41,3,119289,89.7,61.1,119.1,0,211,1.78,20,23,46,64
1849,41,4,119281,91.33,61.2,119.9,0,218,1.83,19,23,39,64
1850,41,5,119271,89.24,61.3,119.2,0,210,1.76,20,23,27,60
1851,41,6,119263,91.64,61.2,121.7,0,214,1.76,20,23,38,62
1852,41,7,119255,87.18,61.3,121.7,2170,208,1.71,20,23,40,67
1853,42,1,119246,89.49,61.3,122,0,226,1.85,20,23,51,66
1854,42,2,119238,89.23,61.4,120.2,0,206,1.72,20,23,40,66
1855,42,3,119236,89.89,61.4,121.7,0,204,1.68,19,23,54,65
1856,42,4,119227,91.42,61.3,121.8,0,202,1.66,19,21,41,66
1857,42,5,119221,102.73,60.1,122.2,0,206,1.69,20,23,46,68
1858,42,6,119216,49.5,61.9,122.8,0,213,1.74,20,23,49,69
1859,42,7,119207,103,61.8,122.4,2194,210,1.72,20,23,53,71
1860,43,1,119198,77.78,61.6,122.8,0,193,1.58,19,22,48,68
1861,43,2,119191,92.11,61.9,122.8,0,196,1.6,19,22,35,64
1862,43,3,119183,88.52,61.4,123.2,0,197,1.6,20,22,38,61
1863,43,4,119175,92.06,61.3,121.8,0,200,1.65,20,23,37,61
1864,43,5,119161,89.04,61.3,123.2,0,205,1.67,20,25,30,57
1865,43,6,119155,88.88,61.4,121.5,0,207,1.71,20,25,46,63
1866,43,7,119148,89.11,61.4,121.7,2214,204,1.68,20,24,54,64
1867,44,1,119144,90.67,61.6,121.1,0,195,1.61,20,21,48,63
1868,44,2,119136,88.47,61.6,121,0,214,1.77,20,24.6,42,64
1869,44,3,119128,92.99,61.5,121.9,0,199,1.63,20,22,42,57
1870,44,4,119119,85.7,61.6,121.7,0,201,1.65,20,24,42,63
1871,44,5,119112,90.91,61.6,123.2,0,200,1.63,20,24,31,60
1872,44,6,119105,91.5,61.7,121.8,0,196,1.61,19,23,35,60
1873,44,7,119096,89.2,61.7,119.8,2213,202,1.69,20,22,49,65
1874,45,1,119087,89,61.6,123.3,0,204,1.66,20,22,43,61
1875,45,2,119078,88.2,61.7,121.3,0,196,1.62,20,23,45,63
1876,45,3,119061,91.9,61.8,121,0,196,1.63,20,23,44,61
1877,45,4,119054,88,61.7,121.4,0,198,1.64,20,21,45,63
1878,45,5,119049,92.8,61.8,124,0,196,1.58,18,21,35,62
1879,45,6,119041,86.12,61.9,123.2,0,197,1.61,19,21,49,64
1880,45,7,119035,89.3,61.9,124.9,2217,192,1.54,19,20,47,64
1881,46,1,119024,88.8,61.9,128.1,0,206,1.61,18,22,47,64
1882,46,2,119011,90.1,61.9,125.7,0,193,1.54,19,24,46,64
1883,46,3,119001,90.5,61.8,123.6,0,189,1.54,19,22,46,63
1884,46,4,118996,89.31,61.8,122.9,0,193,1.57,19,20,39,63
1885,46,5,118984,89.53,61.8,123.9,0,195,1.58,19,22,34,62
1886,46,6,118973,88.59,61.9,124.2,0,209,1.69,19,21,43,61
1887,46,7,118968,88.94,61.8,126.4,2225,200,1.59,19,23,44,64
1888,47,1,118960,87.69,61.8,127.1,0,209,1.65,20,24,47,62
1889,47,2,118950,88.28,61.8,123,0,196,1.59,20,24,49,64
1890,47,3,118943,96.02,61.8,123.4,0,208,1.69,20,21,45,61
1891,47,4,118933,81.28,61.8,124.3,0,202,1.63,19,21,42,63
1892,47,5,118920,88.35,61.7,123.3,0,202,1.65,19,22,37,63
1893,47,6,118915,88.8,61.6,126.5,0,200,1.59,19,20,48,63
1894,47,7,118906,88.72,61.8,124.3,2232,197,1.59,19,22,44,63
1895,48,1,118898,88.57,61.9,124.5,0,196,1.58,19,21,51,65
1896,48,2,118891,86.21,61.9,124.4,0,195,1.57,19,22,40,65
1897,48,3,118875,89.3,61.8,124,0,194,1.57,19,21,46,62
1898,48,4,118868,88.3,61.8,121.1,0,196,1.62,19,21,49,61
1899,48,5,118860,86.8,61.7,119.6,0,205,1.72,19,22,36,61
1900,48,6,118850,88.6,61.7,117.7,0,199,1.7,19,22,44,62
1901,48,7,118831,86.8,61.7,116.5,2216,200,1.72,19,21,43,64
1902,49,1,118819,87,61.7,117.4,0,196,1.67,19,21,52,65
1903,49,2,118807,86.2,61.7,114,0,192,1.69,19,21,36,62
1904,49,3,118801,88,61.8,121.8,0,194,1.6,19,21,46,62
1905,49,4,118791,88.8,61.6,122.4,0,195,1.6,20,21,50,64
1906,49,5,118785,87.5,61.5,117.7,0,195,1.66,20,22,40,62
1907,49,6,118780,88.7,61.5,117.5,0,209,1.78,19,22,42,61
1908,49,7,118766,87.8,61.4,120,2243,198,1.65,19,21,42,62
1909,50,1,118757,87,61.3,121.5,0,196,1.62,20,21,48,66
1910,50,2,118750,88.4,61.4,120.2,0,191,1.6,20,24,51,67
1911,50,3,118738,86.7,61.4,113.9,0,189,1.66,20,21,53,61
1912,50,4,118726,87.7,61.4,122.3,0,190,1.56,19,21,46,64
1913,50,5,118713,88.67,61.4,122.5,0,193,1.58,19,21,39,63
1914,50,6,118703,89,61.4,122.5,0,210,1.72,19,21,46,60
1915,50,7,118695,86.92,61.4,121.8,2241,196,1.61,19,21,47,62
1916,51,1,118687,87.89,61.4,119,0,197,1.66,19,21,43,62
1917,51,2,118676,87.08,61.4,119.6,0,189,1.58,19,21,36,62
1918,51,3,118661,87.29,61.5,120.5,0,189,1.58,19,21,41,61
1919,51,4,118643,87.4,61.5,119.7,0,192,1.61,19,21,39,61
1920,51,5,118630,86.2,61.4,119,0,191,1.61,19,21,36,62
1921,51,6,118616,88.1,61.5,120,0,190,1.59,19,21,39,61
1922,51,7,118602,87,61.5,119.9,2253,205,1.71,19,21,49,64
1923,52,1,118593,86.4,61.5,120.4,0,197,1.64,19,21,43,62
1924,52,2,118589,87.7,61.6,121,0,192,1.59,19,23,31,61
1925,52,3,118585,88.4,61.5,127,0,192,1.51,20,22,43,60
1926,52,4,118574,85.7,61.5,121,0,196,1.63,20,23,42,61
1927,52,5,118559,87.9,61.4,122.7,0,197,1.61,20,23,38,63
1928,52,6,118549,88.5,61.4,122.2,0,194,1.59,19,22,49,64
1929,52,7,118536,87.8,61.6,120.5,2249,210,1.74,19,23,42,63
1930,53,1,118529,88.1,61.5,121.3,0,196,1.62,19,22,43,64
1931,53,2,118521,86.59,61.4,119.1,0,209,1.76,20,24,39,62
1932,53,3,118509,88,61.5,121.1,0,196,1.62,20,23,42,60
1933,53,4,118497,87.4,61.5,121.6,0,200,1.65,19,23,41,62
1934,53,5,118492,87.14,61.5,121.4,0,202,1.67,19,23,39,62
1935,53,6,118482,87.2,61.4,121.6,0,198,1.63,19,22,49,61
1936,53,7,118467,87.4,61.4,122.5,2262,194,1.59,19,21,44,61
1937,54,1,118458,86.9,61.4,123.6,0,194,1.58,19,21,42,63
1938,54,2,118448,86.7,61.4,122.2,0,196,1.61,19,22,35,63
1939,54,3,118441,88.3,61.5,122.9,0,194,1.58,19,20,42,62
1940,54,4,118428,87.24,61.5,122.1,0,195,1.6,19,21,41,63
1941,54,5,118418,85.84,61.6,120.6,0,196,1.63,20,22,35,63
1942,54,6,118403,88.4,61.5,120.7,0,212,1.76,20,21,36,60
1943,54,7,118392,86.78,61.4,121.7,2266,196,1.61,20,21,41,61
1944,55,1,118386,85.1,61.4,123.3,0,199,1.62,20,24,39,60
1945,55,2,118372,86.5,61.4,130.3,0,211,1.63,20,24,28,61
1946,55,3,118365,87.6,61.3,131.1,0,199,1.52,20,23,43,65
1947,55,4,118356,85.56,61.5,127.6,0,198,1.56,20,22,55,66
1948,55,5,118349,88.19,61.5,124.4,0,198,1.59,20,24,46,66
1949,55,6,118339,86.55,61.4,125.5,0,200,1.6,20,24,56,62
1950,55,7,118329,86.25,61.3,117.4,2270,191,1.63,20,21,50,62
1951,56,1,118319,88.44,61.4,120.2,0,196,1.64,20,21,50,63
1952,56,2,118310,85.63,61.4,119.9,0,215,1.79,19,21,35,62
1953,56,3,118303,86.54,61.4,123.6,0,198,1.61,20,22,45,61
1954,56,4,118295,85.67,61.4,126.3,0,214,1.7,20,24,44,63
1955,56,5,118285,89.36,61.4,124.1,0,200,1.61,20,24,38,63
1956,56,6,118277,82.99,61.5,120.7,0,200,1.66,20,22,45,60
1957,56,7,118264,87.56,61.5,123.9,2276,197,1.59,19,22,40,60
1958,57,1,118252,85.08,61.4,125.9,0,196,1.56,19,23,39,60
1959,57,2,118239,87.73,61.4,120.7,0,197,1.64,19,23,48,62
1960,57,3,118229,86.62,61.3,125.3,0,205,1.64,19,23,43,63
1961,57,4,118220,85.9,61.4,123.1,0,203,1.66,19,23,40,63
1962,57,5,118209,86.94,61.4,120.3,0,204,1.7,19,22,48,63
1963,57,6,118199,85.7,61.5,121.5,0,205,1.69,19,23,47,64
1964,57,7,118190,86.2,61.6,125.7,2290,207,1.65,19,23,50,64
1965,58,1,118177,85.8,61.6,122.6,0,194,1.59,19,22,42,62
1966,58,2,118165,88.6,61.5,117.2,0,197,1.69,19,23,42,62
1967,58,3,118152,85.56,61.5,116.2,0,207,1.79,19,21,44,57
1968,58,4,118135,88.92,61.5,114.6,0,206,1.81,19,22,42,60
1969,58,5,118125,85.4,61.6,122.3,0,200,1.64,19,23,32,60
1970,58,6,118116,85.4,61.5,128.2,0,203,1.59,19,23,38,58
1971,58,7,118108,86.7,61.6,127.5,2291,208,1.63,19,23,33,60
1972,59,1,118099,86.4,61.5,127.2,0,204,1.61,19,23,39,62
1973,59,2,118088,86.62,61.7,119.8,0,201,1.68,19,23,49,64
1974,59,3,118076,87,61.6,116.7,0,162,1.39,19,21,39,58
1975,59,4,118066,86.48,61.6,119.4,0,216,1.81,19,23,32,58
1976,59,5,118053,85.2,61.6,116.8,0,199,1.71,19,23,28,60
1977,59,6,118029,88.67,61.6,117.3,0,200,1.71,19,23,37,58
1978,59,7,118016,82.14,61.7,117.9,2271,197,1.68,19,23,37,60
1979,60,1,118007,87.54,61.7,113.7,0,198,1.74,19,23,36,59
1980,60,2,117995,86.5,61.8,110.5,0,200,1.82,19,24,45,59
1981,60,3,117983,85.9,61.9,102.9,0,222,2.16,19,24,32,57
1982,60,4,117973,85.6,61.8,117.2,0,217,1.86,19,23,42,57
1983,60,5,117960,92.3,62,119.1,0,210,1.77,19,23,29,57
1984,60,6,117951,80.5,62,119.6,0,223,1.87,19,24,43,63
1985,60,7,117943,86.6,61.9,126.7,2291,206,1.63,19,23,34,63
1986,61,1,117933,84.8,61.8,128,0,208,1.63,19,23,40,59
1987,61,2,117922,86.3,61.9,127.7,0,210,1.65,19,24,37,57
1988,61,3,117914,85,61.8,123.7,0,211,1.71,19,24,37,57
1989,61,4,117906,85.3,61.8,127,0,214,1.69,20,25,44,66
1990,61,5,117896,84.7,61.9,127,0,202,1.6,20,23,42,66
1991,61,6,117864,92.2,61.9,123.7,0,205,1.66,19,23,29,231
1992,61,7,117856,83,61.8,127.2,2285,211,1.66,19,24,33,57
1993,62,1,117846,84.3,61.7,126.4,0,204,1.62,19,24,31,60
1994,62,2,117833,84.1,61.8,123.3,0,206,1.67,19,24,27,58
1995,62,3,117821,87.6,61.8,125.7,0,218,1.74,20,24,36,55
1996,62,4,117812,85.8,61.7,125.5,0,213,1.7,19,24,31,56
1997,62,5,117799,97.4,61.7,126.1,0,219,1.74,19,24,32,60
1998,62,6,117784,72.17,61.6,122.3,0,208,1.7,19,23,31,58
1999,62,7,117770,91.54,61.7,121,2282,204,1.69,19,23,32,56
2000,63,1,117754,82.03,61.8,119.5,0,205,1.72,19,24,35,58
2001,63,2,117739,83.29,61.8,120.8,0,205,1.7,19,24,39,58
2002,63,3,117729,85.9,61.8,123.6,0,214,1.73,19,23,30,55
2003,63,4,117716,86.11,61.8,123.1,0,206,1.68,19,23,35,57
2004,63,5,117706,86.24,61.8,122,0,206,1.69,19,24,33,60
2005,63,6,117694,85.97,61.7,118.5,0,201,1.7,19,23,40,59
2006,63,7,117683,84.02,61.7,122.3,2285,207,1.7,19,24,39,59
2007,64,1,117649,92.63,61.7,123.8,0,210,1.7,19,24,31,57
2008,64,2,117626,71.23,61.8,123,0,208,1.7,19,25,25,60
2009,64,3,117609,96.97,61.8,122.7,0,208,1.7,19,24,32,55
2010,64,4,117589,78.83,61.8,124.4,0,211,1.7,19,24,30,58
2011,64,5,117573,88.39,61.7,129.6,0,220,1.7,20,25,46,60
2012,64,6,117556,86.15,61.8,122.1,0,203,1.66,20,24,45,63
2013,64,7,117537,85.01,61.8,120.7,2281,202,1.67,20,24,46,62
2014,65,1,117526,86.09,61.9,119.6,0,203,1.7,20,23,51,63
2015,65,2,117509,90.24,61.8,119.9,0,203,1.7,19,24,32,60
2016,65,3,117495,89.24,61.8,130.3,0,221,1.7,19,23,38,52
2017,65,4,117478,78.8,61.7,123.2,0,209,1.7,19,23,38,53
2018,65,5,117465,84.87,61.8,125.9,0,213,1.7,19,24,30,57
2019,65,6,117458,84.45,61.7,126.7,0,215,1.7,20,24,36,57
2020,65,7,117441,84.3,61.9,123.2,2290,209,1.7,20,24,34,59
2021,66,1,117420,85.54,61.9,120.7,0,205,1.7,20.4,24.1,37,58
2022,66,2,117401,84.22,61.9,123.6,0,210,1.7,20,25,34,57
2023,66,3,117385,83.3,61.8,123,0,209,1.7,20,25,36,59
2024,66,4,117371,87.9,61.7,124.9,0,222,1.78,20,26,44,64
2025,66,5,117351,82.9,61.8,120,0,218,1.82,22,29,52,68
2026,66,6,117335,83.34,61.8,123.1,0,209,1.7,23,27,59,71
2027,66,7,117320,86.2,61.8,124.1,2289,211,1.7,23,27,58,71
2028,67,1,117301,84.8,62,120.9,0,213,1.76,22,26,49,67
2029,67,2,117290,83.7,61.9,123.5,0,202,1.64,21,25,53,64
2030,67,3,117274,86.3,61.9,118.5,0,211,1.79,21,27,44,64
2031,67,4,117254,86.6,61.8,117.5,0,219,1.87,23,27,29,58
2032,67,5,117244,84.1,61.8,119.5,0,214,1.8,22,26,28,60
2033,67,6,117225,81.6,61.9,124.6,0,222,1.79,22,25,57,69
2034,67,7,117205,84.6,61.9,121,2279,223,1.85,22,24,60,66
2035,68,1,117190,84.8,61.9,119.4,0,211,1.77,21,25,46,66
2036,68,2,117178,85.5,61.9,118.5,0,208,1.76,21,25,49,63
2037,68,3,117166,83.8,61.9,117.7,0,214,1.82,21,25,34,61
2038,68,4,117152,84.5,61.9,119.5,0,220,1.85,21,28,32,54
2039,68,5,117135,83.9,61.9,118.5,0,207,1.75,22,25,46,69
2040,68,6,117123,84.9,62,119.1,0,205,1.72,22,24,61,69
2041,68,7,117107,85.8,62,119.5,2268,207,1.74,22,27,58,70
2042,69,1,117087,82.8,62,119.6,0,210,1.76,22,29,58,70
2043,69,2,117075,84.07,62.1,117.1,0,199,1.7,21,24,45,65
2044,69,3,117057,93.7,62.1,118.5,0,219,1.85,20,24,44,58
2045,69,4,117034,84.1,62.1,117.8,0,221,1.88,21,25,46,61
2046,69,5,117018,81.15,62.1,121.4,0,212,1.75,22,26,52,65
2047,69,6,116997,80.83,62.2,122,0,212,1.74,22,27,48,67
2048,69,7,116977,82.9,62.1,119.9,2253,208,1.74,22,25,60,69
2049,70,1,116964,83.3,62.3,119.7,0,224,1.87,22,24,59,66
2050,70,2,116950,83.5,62.3,120.6,0,207,1.72,22,26,45,67
2051,70,3,116935,82.9,62.1,119.7,0,206,1.72,22,25,51,65
2052,70,4,116915,82,62.2,118.8,0,206,1.74,22,26,42,67
2053,70,5,116896,100.1,62.1,119,0,215,1.81,22,28,47,67
2054,70,6,116882,64.9,62.3,118.7,0,224,1.89,22,31,36,67
2055,70,7,116865,83.9,62.2,118.4,2276,204,1.73,22,28,49,68
2056,71,1,116840,80.9,62.4,118.2,0,207,1.76,22,26,46,70
2057,71,2,116823,85.1,62.4,118.7,0,204,1.72,22,25,49,67
2058,71,3,116802,82,62.3,118,0,212,1.8,23,29,52,72
2059,71,4,116777,81.8,62.2,119.1,0,210,1.77,23,29,60,75
2060,71,5,116757,82.8,62.1,115.7,0,213,1.84,23,28,46,72
2061,71,6,116743,82.6,62.1,117.5,0,239,2.04,22,31,52,70
2062,71,7,116728,82.4,62,119.8,0,213,1.78,23,29,56,72
2063,72,1,116711,82.2,62.1,117.8,0,249,2.12,23,32,46,71
2064,72,2,116696,82.2,62.2,118.5,0,238,2.01,23,33,41,67
2065,72,3,116671,80.3,62,118.1,0,228,1.93,23,33,47,77
2066,72,4,116645,81.4,61.9,117.9,0,216,1.83,23,32,58,78
2067,72,5,116623,81.75,62,116.5,0,200,1.72,23,29,58,78
2068,72,6,116604,82.2,62.1,114.8,0,212,1.85,23,31,53,76
2069,72,7,116584,81.1,62,115.4,2262,223,1.93,23,29,47,76
2070,73,1,116552,83.1,62,116.5,0,209,1.8,23,29,46,70
2071,73,2,116535,80.5,62.1,118,0,205,1.74,23,30,53,72
2072,73,3,116516,81.1,62,119.7,0,222,1.86,23,27,59,72
2073,73,4,116503,80.9,61.9,117.6,0,211,1.8,23,27,59,72
2074,73,5,116486,80.3,62,115.2,0,210,1.83,23,28,57,73
2075,73,6,116465,84.2,61.8,119.6,0,211,1.77,23,29,64,74
2076,73,7,116445,78.1,61.8,119.2,2289,224,1.88,23,29,62,74
2077,74,1,116437,84.5,61.8,118.5,0,216,1.83,23,30,53,72
2078,74,2,116426,74.5,61.8,119.3,0,199,1.67,24,28,57,74
2079,74,3,116414,83.3,61.8,115.8,0,199,1.73,24,28,58,75
2080,74,4,116402,81.3,61.9,114.4,0,197,1.73,23,26,69,78
2081,74,5,116378,79.6,61.9,118.9,0,205,1.73,23,27,64,74
2082,74,6,116356,82.4,61.8,115.9,0,209,1.81,23,27,63,73
2083,74,7,116334,79.7,61.7,116.8,2257,227,1.95,23,27,65,75
2084,75,1,116318,78.4,61.7,116.8,0,206,1.77,23,27,67,76
2085,75,2,116306,81.14,62,116.9,0,202,1.74,22,26,61,73
2086,75,3,116290,121.8,61.6,116.4,0,204,1.76,22,26,63,74
2087,75,4,116260,79.8,61.6,117.1,0,208,1.78,23,27,67,74
2088,75,5,116239,77.8,61.8,115.7,0,202,1.75,23,27,55,74
2089,75,6,116216,80.5,62,116.6,0,209,1.79,23,27,59,73
2090,75,7,116191,79.7,61.9,117.2,2236,236,2.02,23,27,64,73
2091,76,1,116177,79.1,61.7,115.5,0,221,1.92,23,28,66,73
2092,76,2,116158,79.3,61.9,116.4,0,224,1.93,24,27,67,75
2093,76,3,116135,79.3,62,119.7,0,210,1.76,23,28,68,75
2094,76,4,116113,78.8,61.8,115.8,0,215,1.86,23,30,68,76
2095,76,5,116101,79.4,61.7,119,0,210,1.77,25,29,66,75
2096,76,6,116087,79.3,61.9,116.5,0,214,1.84,24,29,61,74
2097,76,7,116055,79.1,61.9,115.9,2254,204,1.76,23,27,63,74
2098,77,1,116029,78.9,62.2,115.6,0,212,1.84,23,25,67,74
2099,77,2,115993,78.2,61.8,87.9,0,205,2.33,22,25,59,72
2100,77,3,115968,78.2,61.5,0,0,131,0,23,27,55,70
2101,77,4,115968,33,59.9,0,0,17,0,21,27,63,75
2102,77,5,115626,1.2,58.3,0,0,0,0,20,30,64,80